,id_enterprise,enterprise_name,number_reviews,number_jobs,number_employees,number_interviews,number_advantages,number_photos,web_link,city,size,founding_date,enterprise_type,sector,incomes,presentation,number_distinctions,distinctions,number_prizes,prizes
0,13546,Devoteam, 512, 344, 476, 113, 206, 19,http://https://fr.devoteamcareers.com/fr/,Levallois-Perret,De 1 001 à 5 000 employés, 1995, Entreprise cotée en bourse, Services informatiques, Entre 100 et 500 millions € (EUR) par an,"Devoteam est un acteur majeur du conseil en technologies innovantes et management pour les entreprises.Présent dans 18 pays d’Europe et du Moyen-Orient et fort de plus de 20 ans d’expérience, nous mettons la ‘Technologie au service de l’Homme’ afin de créer de la valeur pour nos clients, nos partenaires, et nos employés.Devoteam réalisera en 2018 un chiffre d’affaires annuel estimé de près de 645 M€.Chez Devoteam, nous sommes “Digital Transformakers”.",1,"[{'name': 'Meilleurs Employeurs', 'year': '2019', 'position': '19'}]",5,"['Most Attractive Employers, Universum, 2016', 'Happy Trainees, Meilleures-Entreprises, 2016', 'Happy Trainees, Choose My Company, 2017', 'Happy at Work, Choose My Company, 2017', 'Most Attractive Employers, Universum, 2017']"
1,13550,Atos," 5,6k"," 3,3k"," 5,6k", 908," 1,8k", 85,http://www.atos.net,Bezons,Plus de 10 000 employés, 1919, Entreprise cotée en bourse (ATO) , Services informatiques, Entre 5 et 10 milliards € (EUR) par an,"Atos est un leader international de la transformation digitale avec environ 100 000 collaborateurs dans 72 pays et un chiffre d’affaires annuel de l’ordre 12 milliards d’euros.Numéro un européen du Big Data, de la Cybersécurité, des supercalculateurs et de l’environnement de travail connecté, le Groupe fournit des services Cloud, solutions d’infrastructure et gestion de données, applications et plateformes métiers, ainsi que des services transactionnels par l’intermédiaire de Worldline, le leader européen des services de paiement.Partenaire informatique mondial des Jeux Olympiques et Paralympiques, le Groupe exerce ses activités sous les marques Atos, Atos Codex, Atos Consulting, Atos Worldgrid, Bull, Canopy, Unify et Worldline. Atos SE (Societas Europea) est une entreprise cotée sur Euronext Paris et fait partie de l’indice CAC 40.",0,[],5,"['Dow Jones Sustainabilty Index No. 1 in digital sector, Dow Jones Sustainability Index, 2019', 'Happy Trainees, choosemycompany, 2019', '2017 Dell EMC Global Alliances Partner of the Year Award, Dell EMC, 2017', '2017 Dell EMC Global Cloud Service Provider Partner of the Year Award, Dell EMC, 2017', 'BEST EVOLUTION OF COMPANY BENEFITS AT THE ENGAGEMENT EXCELLENCE AWARDS 2016, Engagement Excellence Awards, 2016']"
2,13551,Atos, 56, 35, 29, 7, 5, 1,http://www.atos.com,Sesto Calende (Italie),Entre 201 et 500 employés, Inconnu, Entreprise non cotée en bourse, Fabrication d'appareils électriques et électroniques, Entre 50 et 100 millions € (EUR) par an,,0,[],0,[]
3,13552,Atos Consulting, 24, --, 24, 3, 3, --,http://www.ctp.com,Nyon (Suisse),De 1 001 à 5 000 employés, Inconnu, Entreprise cotée en bourse, Inconnu, Ne sait pas / non applicable par an,,0,[],0,[]
4,13553,Atos-Syntel," 3,3k", 88," 4,4k", 858, 686, 71,http://www.atos-syntel.net,"Troy, MI (États-Unis)",Plus de 10 000 employés, 1980, Filiale ou unité d'exploitation, Services informatiques, Entre 1 et 2 milliards € (EUR) par an,,0,[],3,"['100 Fastest Growing Companies, Fortune, 2009', ""America's 200 Best Small Companies, Forbes, 2009"", ""America's 200 Best Small Companies, Forbes, 2008""]"
5,13554,Atos Medical, 37, 23, 33, 6, 13, --,http://www.atosmedical.com,"New Berlin, WI (États-Unis)",De 51 à 200 employés, 2000, Filiale ou unité d'exploitation, Fabrication de produits de soins de santé, Entre 10 et 25 millions € (EUR) par an,,0,[],0,[]
6,13558,Dassault Systemes," 1,2k"," 1,7k"," 1,5k", 311, 566, 38,http://www.3ds.com,Vélizy,Plus de 10 000 employés, 1981, Entreprise cotée en bourse (DASTY) , Matériel et logiciels informatiques, Entre 2 et 5 milliards € (EUR) par an,"Tout est possible… grâce aux univers virtuels 3DEXPERIENCE !Avec plus de 230 000 clients dans 11 secteurs industriels, du high-tech aux sciences de la vie, de la mode aux transports, Dassault Systèmes accompagne les entreprises et les créateurs à travers le monde pour imaginer les innovations durables d’aujourd’hui et de demain.Pour plus d'informations, visitez www.3ds.com",2,"[{'name': 'Meilleurs Employeurs', 'year': '2019', 'position': '15'}, {'name': 'Meilleurs Employeurs', 'year': '2017', 'position': '6'}, {'name': 'Le Top des PDG', 'year': '2018', 'position': '10'}]",17,"[""World's Most Innovative Companies, Forbes, 2013"", ""Montreal's Top Employers, Montreal Gazette, 2014"", 'Global 100 Most Sustainable Corporations List, Corporate Knights, 2018, 2018', ""The World's Most Innovative Companies, Forbes, 2018, 2018"", ""France's Most Attractive Employers, Universum, 2018"", 'HappyTrainees Label, Meilleures-Entreprises, 2018', 'Global 100 Most Sustainable Corporations List, Corporate Knights, 2017', ""Montreal's Top Employers, Canada's Top 100 Employers, 2017"", ""World's Most Innovative Companies, Forbes, 2016"", ""The World's Most Innovative Companies, Forbes, 2014"", 'Global 100 Most Sustainable Corporations, Corporation Knights Capital, 2014', 'France’s IDEAL Employers(IT Undergrads), Universum, 2013', 'France’s IDEAL Employers(Business Undergrads), Universum, 2013', 'Global 100 Most Sustainable Corporations, Corporate Knights, 2013', 'Global 100 Most Sustainable Corporations, Corporate Knights, 2012', 'Global 100 Most Sustainable Corporations List, Corporate Knights, 2010', 'Top Places to Work Globe 100, Boston Globe, 2009']"
7,13559,SolidWorks, 86, --, 126, 15, 17, --,http://www.solidworks.com,"Waltham, MA (États-Unis)",De 501 à 1 000 employés, 1993, Filiale ou unité d'exploitation, Matériel et logiciels informatiques, Entre 50 et 100 millions € (EUR) par an,,0,[],0,[]
8,13562,2S2I Solutions & Services, 4, 263, 3, 1, --, 4,http://www.2s2isolutions.com,Montpellier,De 51 à 200 employés, 2007, Autre organisation, Services informatiques, Entre 5 et 10 millions € (EUR) par an,"2S2I est une ESN à taille humaine avec un management de proximité, une culture et des valeurs qui inscrivent nos collaborateurs au cœur de son développement. Avec le renouveau de l’entreprise en 2016, 2S2I continue sa croissance et, à tous les niveaux, nous avons à cœur le bien-être de nos collaborateurs et la réussite de nos projets.Grâce à nos consultants et experts, répartis sur toute la France, nous offrons, depuis plus de 10 ans, à nos clients, grands comptes à dimension nationale ou internationale, des services d’excellence dans le secteur du numérique (conseil métier/MOA, ingénierie applicative, gestion des infrastructures et management de l’information/data intelligence).",0,[],0,[]
9,13563,CEGID, 106, 198, 121, 10, 58, 22,http://www.cegid.com,Lyon,De 1 001 à 5 000 employés, 1983, Entreprise non cotée en bourse, Solutions logicielles et réseau d'entreprise, Entre 100 et 500 millions € (EUR) par an,"Acteur leader de la transformation digitale des entreprises et du secteur public, Cegid améliore la performance de ses clients grâce à ses logiciels de gestion et services cloud.Le groupe Cegid propose des solutions dans les domaines de la gestion financière, de la fiscalité et des ressources humaines, ainsi que des applications métiers destinées aux secteurs du retail, de l’industrie, du négoce, des services, de la profession comptable et du secteur public.Portées par une politique d’innovation ambitieuse, les offres Cegid intègrent les nouveaux usages autour du cloud, de la mobilité, de l’analyse de données, de la dématérialisation, et des plateformes métiers collaboratives.",0,[],2,"['Major Player dans le MarketScape, IDC, 2019', 'Potential Challenger, Fosway 9-Grid™ for Learning Systems., 2019']"
10,13564,Bayer," 3,2k"," 6,0k"," 4,6k", 572, 996, 83,http://www.career.bayer.com,Leverkusen (Allemagne),Plus de 10 000 employés, 1863, Entreprise cotée en bourse (BAYN) , Biotechnologies et pharmaceutique, Entre 5 et 10 milliards € (EUR) par an,,0,[],35,"['Focus Top Nationaler Arbeitgeber 2017, Focus Magazin, 2017', 'America’s Most Reputable Companies, Reputation Institute, 2017', 'Noteworthy Company, DiversityInc, 2019', ""World's Most Reputable Companies, Forbes, 2019"", 'Best Places to Work, Hawaii Business Magazine, 2019', '100% rating on Corporate Equality Index, Human Rights Campaign, 2019', 'Best Places to Work for Disability Inclusion, Disability:IN, 2019', 'LinkedIn Top Companies, LinkedIn, 2019', 'As melhores empresas para você trabalhar - Você S/A, Você S/A, 2019', '50 Empresas Mais Amadas, Ranking das Empresas mais Amadas Love Mondays, 2019', 'LATINA Style 50, LATINA Style, 2019', '100 Best Adoption-Friendly Workplaces, Dave Thomas Foundation for Adoption, 2019', 'Noteworthy Company, DiversityInc, 2018', '100% rating on Corporate Equality Index, Human Rights Campaign, 2018', 'LATINA Style 50, LATINA Style, 2018', 'Best-of-the-Best Corporations for Inclusion, National Gay and Lesbian Chamber of Commerce, 2018', '50 Out Front Best Places for Diverse & Women Managers to Work, DiversityMBA, 2018', '50 Empresas Mais Amadas, Ranking das Empresas mais Amadas Love Mondays, 2018', 'As melhores empresas para você trabalhar - Você S/A, Você S/A, 2018', 'Top 30 401K Plan, Brightscope, 2017', ""Canada’s Top 100 Employers, Canada's Top 100 Employers, 2017"", 'Best Places to Work, San Francisco Business Times, 2017', 'Top 100 of the Global 2000, Forbes, 2017', 'Noteworthy Company, DiversityInc, 2017', 'Most Innovative Companies, Boston Consulting Group, 2017', 'Best German Business Brands International, Das Deutsche Markenranking, 2017', 'Melhores Empresas para Trabalhar e Começar a Carreira - Você S/A, Você S/A, 2017', 'Aon Hewitt/ LinkedIn Best Employers China 2016, AON Hewitt, 2016', 'Las Súper Empresas entre 500 y 3,000 empleados de 2016, Super Empresas Expansion, 2016', 'Top 20 Employers for Scientists, Science Magazine, 2016', 'Corporate Citizen of the Year Award, NJBiz, 2016', 'Top 100 Most Powerful Brands, Tenet Partners, 2016', 'Top 100 Global Innovators, Clarivate Analytics, 2015', 'Top 20 Employers for Scientists, Science Magazine, 2015', 'Best Employer For Young People Brazil, Você S/A, 2015']"
11,13570,Abaka, 6, 66, 1, --, 1, 16,http://www.abaka.fr,Rennes,De 1 à 50 employés, 2002, Cabinet / Société du secteur privé, Conseils, Entre 1 et 5 millions € (EUR) par an,"Entreprise conseil en ressources humaines 360°, avec plus de 30 collaborateur·rice·s, Abaka est présent dans les régions du Grand Ouest et à Paris.Membre du Syntec, adhérent des associations « A Compétence Egale » et « Produit en Bretagne », Abaka est signataire de la Charte de la Diversité et de la Charte Breizh Cop et s’implique au quotidien dans la défense de l’emploi et de l’innovation sur son territoire.Abaka est une filiale du Groupe Kalicea, aux côtés de Calder & Partners et de MyJob.Company.",0,[],2,"[""Trophée d'argent Femme chef d'entreprise Grand Ouest, Femmes de l'économie, 2016"", 'Les meilleurs cabinets de recrutement, Les Échos - Statista, 2019']"
12,13571,Expertime, 18, 38, 17, 1, 2, 1,http://www.expertime.com,Viroflay,De 51 à 200 employés, 2003, Entreprise non cotée en bourse, Services informatiques, Entre 5 et 10 millions € (EUR) par an,,0,[],0,[]
13,13572,Adsearch, 16, 597, 12, 2, --, --,http://www.adsearch.fr,Paris,De 51 à 200 employés, Inconnu, Entreprise non cotée en bourse, Inconnu, Ne sait pas / non applicable par an,,0,[],0,[]
14,13574,Groupe Adéquat, 49," 8,2k", 29, 6, 38, 7,http://www.groupeadequat.com,Lyon,De 501 à 1 000 employés, 1987, Entreprise non cotée en bourse, Recrutement et sous-traitance, Entre 500 millions et 1 milliard € (EUR) par an,"Adéquat, simplement pour vousAvec ses 1000 collaborateurs et presque 1 milliard d'€ de Chiffre d'Affaires, le Groupe Adéquat est un acteur incontournable sur le marché global des ressources humaines (Intérim, CDI, CDD, Expertise). Indépendant depuis sa création il y a bientôt 30 ans, le Groupe Adéquat se distingue par le fait de savoir mettre avec simplicité l’individu au cœur de la relation. L’engagement exceptionnel de ses collaborateurs au service des clients a permis au Groupe de connaître une croissance soutenue. Le Groupe déploie ses activités au travers de 3 marques complémentaires : Adéquat (Travail temporaire, CDD et CDI), Inside Staffing (Agences implantées) & Adsearch (Expertise & Recrutement).Le développement du Groupe passe désormais par l'international avec l'ouverture en 2015 d'un réseau en Belgique et l'ouverture d'autres pays en projet.",0,[],1,"['TOP 20 Glassdoor des entreprises offrant le meilleur équilibre travail/vie privée, Glassdoor, 2016']"
15,13575,Multimedia France Productions, 1, --, 1, --, --, --,http://www.mfptv.fr,Paris,De 51 à 200 employés, Inconnu, Inconnu, Inconnu, Ne sait pas / non applicable par an,,0,[],0,[]
16,13576,Modis, 928," 1,5k"," 1,1k", 169, 262, 23,http://www.modis.com,Zurich (Suisse),De 5 001 à 10 000 employés, 1994, Filiale ou unité d'exploitation, Recrutement et sous-traitance, Entre 500 millions et 1 milliard € (EUR) par an,,0,[],0,[]
17,13577,UK Ministry of Defence, 386, 568, 593, 64, 115, 8,http://www.mod.uk,"Londres, Angleterre (Royaume-Uni)",Plus de 10 000 employés, 1964, Gouvernement, Organismes fédéraux, Entre 2 et 5 milliards € (EUR) par an,,0,[],2,"[""Britain's Top 100 Graduate Employers, The Sunday Times (UK), 2012"", 'Top 100 Graduate Employers, The Sunday Times (UK), 2009']"
18,13584,Smile Group, 123, 253, 83, 8, 45, 9,http://www.smile.eu,Asnières-sur-Seine,De 1 001 à 5 000 employés, 1991, Entreprise non cotée en bourse, Services informatiques, Entre 100 et 500 millions € (EUR) par an,"Précurseur sur les technologies du digital depuis 1991, Smile est l’expert européen du numérique ouvert.Avec de l’audace et des beaux projets, ajoutez une pincée de culture visionnaire, une bonne dose d’innovation, saupoudrez le tout d’une expertise technique pluridisciplinaire et vous obtenez Smile, le leader européen de l’intégration et de l’infogérance de solutions open source.Agiles, open et engagés, chez Smile, nous adorons avoir un coup d’avance pour garder notre place sur le podium des acteurs majeurs du digital.Pour finir ces premières présentations, une question primordiale… « Que serions-nous sans les femmes et les hommes qui font tourner la jolie machinerie Smile ? ». Au quotidien, ce sont 1700 smiliens présents dans 7 pays qui s’agitent et cogitent pour mener à bien les projets stratégiques de nombreux grands comptes français et européens.",0,[],0,[]
19,13585,Cegedim, 234, 109, 259, 32, 28, 27,http://www.cegedim.com,Boulogne-Billancourt,De 1 001 à 5 000 employés, 1969, Entreprise cotée en bourse (CGM) , Matériel et logiciels informatiques, Entre 100 et 500 millions € (EUR) par an,"Fondée en 1969, Cegedim est une entreprise innovante de technologies et de services spécialisée dans la gestion des flux numériques de l’écosystème santé et BtoB, ainsi que dans la conception de logiciels métier destinés aux professionnels de santé et de l’assurance. Cegedim compte plus de 4 200 collaborateurs dans plus de 10 pays et a réalisé un chiffre d’affaires de 457 millions d’euros en 2017.Pour en savoir plus : www.cegedim.frEt suivez Cegedim sur Twitter : @CegedimGroupEt sur Facebook : http://bit.ly/2sI2OEa",0,[],1,"['Grand Prix de la Transparence 2011, catégorie SBF 250., http://www.grandsprixtransparence.com, 2011']"
20,13586,Groupe Creative, 8, 43, 11, --, 11, --,http://www.groupe-creative.fr,Rennes,Entre 201 et 500 employés, 2009, Entreprise non cotée en bourse, Services d'architecture et d'ingénierie, Entre 10 et 25 millions € (EUR) par an,"Créative est né en 2008. Entre savoir-faire et bienveillance, ce sont en tout 300 collaborateurs qui ont depuis rejoint l’aventure dans nos agences françaises.D’abord à Rennes, notre fief historique, puis Nantes, Paris, Bordeaux, Lille, et la petite dernière : Lyon ! Des antennes locales sont venues étendre nos horizons pour toujours plus de proximité avec vous et avec nos clients.Raphaël DOYEN, notre Président & Fondateur vous le dira mieux que personne : Créative a placé au cœur de son identité l’épanouissement de ses collaborateurs.Pour cela, nous avons à cœur de développer nos projets au forfait, gérés depuis nos agences, afin de pouvoir faire travailler notre matière grise depuis nos locaux tout confort.Et pour assouvir votre soif technologique, nous avons créé une cellule innovation, pour développer nos propres projets autour de l’IoT, du Big Data, du Cloud, de la cybersécurité, ou encore de l’Intelligence artificielle et robotique.",0,[],0,[]
21,13587,Robert Half," 7,0k", 31k," 4,7k"," 2,1k"," 1,4k", 170,http://www.roberthalf.com,"Menlo Park, CA (États-Unis)",Plus de 10 000 employés, 1948, Entreprise cotée en bourse (RHI) , Recrutement et sous-traitance, Entre 2 et 5 milliards € (EUR) par an,,0,[],43,"['World’s Most Admired Companies, Fortune Magazine, 2018', ""World's Most Admired Companies, Fortune Magazine, 2014"", ""Fortune World's Most Admired Companies, Fortune Magazine, 2019"", ""Forbes 2019 America's Best Professional Recruiting Firms, Forbes, 2019"", 'Best Employers for Diversity, Forbes, 2019', ""Women's Empowerment Principles, United Nations Global Compact, 2019"", ""America's Most Trustworthy Companies, Bright Governance Consulting, LLC, 2019"", ""Global 100 Most Sustainable U.S. Companies, Barron's, 2019"", '2019 Bloomberg Gender-Equality Index, Bloomberg, 2019', 'Top Employers, Black EOE Journal, 2019', 'Top Supplier Diversity Programs, Black EOE Journal, 2019', 'Best Places to Work for LGBTQ Equality, Human Rights Campaign Foundation, 2019', 'Best of the Best Top Employers, Hispanic Network Magazine, 2019', 'Best of the Best Top Supplier Diversity Programs, Hispanic Network Magazine, 2019', ""Best of the Best Top Employers, Professional Woman's Magazine, 2019"", ""Forbes—America's Best Employers for Women 2019, Forbes, 2019"", ""America's Best Employers for Diversity, Forbes, 2019"", ""America's Best Executive Recruiting Firms, Forbes, 2019"", 'Best of the Best Top Veteran-Friendly Companies, U.S. Veterans Magazine, 2019', 'Best Places to Work for LGBT Equality, Human Rights Campaign Foundation, 2018', ""America's Top Corporations for Women's Business Enterprises, Women's Business Enterprise National Council (WBENC), 2018"", ""America's Top Corporations for Women's Business Enterprises, Women’s Business Enterprise National Council (WBENC), 2018"", 'Corporate Social Responsibility Program of the Year (Silver Stevie), American Business Awards, 2018', ""America's Best Professional Recruiting Firms, Forbes, 2017"", 'World’s Most Admired Companies, Fortune Magazine, 2017', ""World's Most Admired Companies, Fortune Magazine, 2017"", ""World's Most Admired Companies, Fortune Magazine, 2016"", 'Best Place to Work in the Bay Area(Robert Half International Inc.), San Francisco Business Times and the Silicon Valley Business Journal, 2015', 'World’s Most Admired Companies, Fortune Magazine, 2015', ""World's Most Admired Companies(Robert Half), Fortune.com, 2015"", ""World's Most Admired Companies(1), Fortune Magazine, 2015"", 'Best Place to Work in the Bay Area, San Francisco Business Times and the Silicon Valley Business Journal, 2015', 'Bay Area Best Place to Work(Robert Half), San Francisco Business Times and the Silicon Valley Business Journal, 2015', ""World's Most Admired Companies(Robert Half International Inc.), Fortune Magazine, 2015"", 'Best Places to Work in the Bay Area(Robert Half International Inc.), San Francisco Business Times and the Silicon Valley Business Journal, 2015', ""World's Most Admired Companies, Fortune Magazine, 2015"", ""World's Most Admired Companies, Fortune, 2015"", 'Best Places to Work in the Bay Area, San Francisco Business Times and the Silicon Valley Business Journal, 2015', 'World’s Most Admired Companies, Fortune Magazine, 2014', ""World's Most Admired Companies, Fortune Magazine, 2013"", ""World's Most Ethical Companies, Ethisphere, 2013"", 'World’s Most Admired Companies, Fortune Magazine, 2013', 'Greenest Big Companies, Newsweek, 2012']"
22,13596,Lacoste, 451, 67, 495, 84, 95, 8,http://www.lacoste.com,Paris,De 5 001 à 10 000 employés, 1933, Entreprise non cotée en bourse," Magasins de chaussures, de vêtements et grands magasins", Entre 1 et 2 milliards € (EUR) par an,"LACOSTE est une entreprise d'origine française, spécialisée dans la confection de prêt-à-porter haut de gamme masculin et féminin. Elle fut fondée en 1933 par René Lacoste le célèbre joueur de tennis en inventant le polo. André Gillier, ami de René LACOSTE dont l'entreprise est basée à Troyes est l'inventeur quand à lui de la maille qui fit la renommée de la marque. LACOSTE détient maintenant l'outil industriel et un réseau retail dans le monde entier c'est un groupe qui fabrique et distribue des vêtements, maroquinerie, accessoires et parfums.",0,[],0,[]
23,13598,Lacoste Traiteur, 2, --, 1, --, --, --,http://www.lacoste-traiteur.com,Eysines,De 51 à 200 employés, Inconnu, Entreprise non cotée en bourse, Inconnu, Ne sait pas / non applicable par an,,0,[],0,[]
24,13600,CGIAR, 15, 2, 2, --, 2, --,http://www.cgiar.org,Montpellier,De 5 001 à 10 000 employés, Inconnu, Association à but non lucratif, Assistance sociale, Ne sait pas / non applicable par an,,0,[],0,[]
25,13602,Volvo Group, 956," 1,4k"," 1,2k", 169, 260, 12,http://www.volvogroup.com,Gothenburg (Suède),Plus de 10 000 employés, 1927, Entreprise cotée en bourse (VOLVY) , Fabrication d'équipement de transport, Entre 5 et 10 milliards € (EUR) par an,,0,[],2,"['Top 200 of the Global 2000, Forbes, 2008', 'Best Employers for Healthy Lifestyles (Gold), National Business Group on Health, 2008']"
26,13603,Volvo Trucks, 486, 12, 582, 113, 126, 6,http://www.volvotrucks.com,"Greensboro, NC (États-Unis)",De 1 001 à 5 000 employés, 1928, Filiale ou unité d'exploitation, Fabrication d'équipement de transport, Entre 1 et 2 milliards € (EUR) par an,,0,[],0,[]
27,13604,Volvo Cars, 138, 222, 73, 43, 35, 17,http://www.volvocars.com,Gothenburg (Suède),Plus de 10 000 employés, 1927, Entreprise non cotée en bourse, Fabrication industrielle, Ne sait pas / non applicable,,0,[],0,[]
28,13606,Volvo Construction Equipment, 196, 15, 201, 38, 27, 5,http://www.volvo.com/constructionequipment/na/en-us,"Asheville, NC (États-Unis)",Entre 201 et 500 employés, 1985, Filiale ou unité d'exploitation, Fabrication industrielle, Ne sait pas / non applicable par an,,0,[],0,[]
29,13607,Volvo Information Technology, 161, --, 129, 44, 52, 3,http://www.volvoit.com,,De 1 001 à 5 000 employés, Inconnu, Filiale ou unité d'exploitation, Services informatiques, Entre 5 et 10 milliards € (EUR) par an,,0,[],0,[]
30,13612,Feu Vert, 17, 636, 34, --, 13, 3,http://www.feuvert.fr,Écully,De 1 001 à 5 000 employés, 1972, Entreprise non cotée en bourse, Magasins de pièces automobiles et accessoires, Moins d&#039;1 million € (EUR) par an,"Feu Vert possede plus de 40 ans d'experience dans le monde de l'equipement et de l'entretien automobile. Avec 7 200 collaborateurs en Europe, nous sommes aujourd'hui leader inconteste sur notre marche. Services centraux au Siege, plate-forme de distribution, reseau de plus de 330 centres auto en France (succursales et franchises)... Quand les rouages d’une machine fonctionnent en parfaite harmonie, l’entreprise avance en toute serenite sur une seule route : celle de la performance. Une mecanique bien huilee sera toujours la cle de l’efficacite !",0,[],0,[]
31,13614,SeLoger, 56, 60, 30, 11, 30, 60,http://www.recrutement.seloger.com,Paris,De 501 à 1 000 employés, 1992, Entreprise non cotée en bourse, Édition, Entre 100 et 500 millions € (EUR) par an,"SeLoger est l’acteur qui accompagne et coache les Français tout au long de leurs projets immobiliers et à chacun de leurs mouvements de vie.De l’avant-projet à l’emménagement, SeLoger est, depuis plus de 25 ans, aux côtés des Français. Trouver le meilleur financement (SeLoger Finances), estimer la valeur de son bien (LaCoteImmo), organiser son déménagement, changer de fournisseur d’accès internet, d’énergie, d’assurances, trouver le bon prestataire pour les travaux (SeLoger Services), sont autant de solutions proposées pour accompagner chacun sur tous les aspects de son parcours et sur tous les projets (SeLoger Neuf, SeLoger Construire, Belles Demeures, SeLoger Vacances).Avec 30 millions de visites par mois, sur tous les supports, SeLoger est la marque préférée des Français pour se repérer et se lancer dans le monde de l’immobilier.« SeLoger, avec vous quand la vie bouge »",0,[],0,[]
32,13615,CNH Industrial," 1,2k", 494," 1,9k", 188, 397, 39,http://www.cnhindustrial.com,"Londres, Angleterre (Royaume-Uni)",Plus de 10 000 employés, 2013, Entreprise cotée en bourse (CNHI) , Fabrication industrielle, Entre 5 et 10 milliards € (EUR) par an,,0,[],4,"['Gold Well Workplace Award, WELCOA, 2012', 'Engineering Innovation Award, American Society of Agricultural & Biological Engineers, 2011', 'First Prize in Innovation Category, Expointer, 2012', 'Top 100 Products (New Holland Construction Backhoe B Series), Construction Equipment Magazine, 2009']"
33,13617,CNH Industrial Capital, 63, --, 61, 11, 8, 9,http://www.cnhindustrialcapital.com,"Racine, WI (États-Unis)",Entre 201 et 500 employés, Inconnu, Entreprise cotée en bourse (CNHI) , Prêt, Entre 100 et 500 millions € (EUR) par an,,0,[],0,[]
34,13618,SOTRAVO Filiale SOLOCAL GROUP, 2, --, 3, --, --, --,http://www.sotravo.fr,Montigny,Inconnu, Inconnu, Inconnu, Inconnu, Ne sait pas / non applicable par an,,0,[],0,[]
35,13619,SoLocal Group, 99, 181, 151, 11, 28, 28,http://www.solocalgroup.com,Sèvres,De 1 001 à 5 000 employés, Inconnu, Entreprise non cotée en bourse, Services de télécommunications, Entre 500 millions et 1 milliard € (EUR) par an,"Solocal Group est n°1 de la communication locale.Se développant selon un business modèle de média, Solocal Group est présent dans 3 métiers complémentaires : éditeur de contenus et services, média et conseil et régie publicitaire.Le Groupe crée et met à disposition des services qui donnent accès à une mine d’informations utiles et fiables. Adaptés en permanence aux modes de consommation, ils accompagnent les citoyens partout et tous les jours pour leur faciliter la vie : localiser et contacter un professionnel, retrouver ses amis sur le net, obtenir un itinéraire, visiter les boutiques des commerçants, repérer les bons plans…Pour produire ces contenus et les diffuser, le Groupe compte plus de 4 440 collaborateurs en France, Espagne, Luxembourg et Autriche, dont 2 165 conseillers en communication locale et digitale et de très nombreux talents digitaux.",0,[],0,[]
36,13621,Morgan Philips Group, 9, 20, 4, 1, --, --,http://www.morganphilipsgroup.com,Luxembourg (Luxembourg),De 51 à 200 employés, Inconnu, Entreprise non cotée en bourse, Inconnu, Ne sait pas / non applicable par an,,0,[],0,[]
37,13622,Morgan Philips Executive Search, 34, 104, 10, 7, 2, --,http://www.morganphilipsexecutivesearch.com,Luxembourg (Luxembourg),Entre 201 et 500 employés, 2013, Filiale ou unité d'exploitation, Recrutement et sous-traitance, Ne sait pas / non applicable,"Morgan Philips Executive Search est le cabinet de chasse de têtes version 21ème siècle.Nous avons créé un modèle extrêmement innovant qui permet de RECRUTER VOS TALENTS MIEUX, PLUS VITE ET MOINS CHER.Nous avons donc travaillé et repensé les deux principaux maillons de la chaîne de valeur du recrutement que sont le sourcing et le consulting.Nos outils innovants nous permettent d’offrir nos services de professionnels de l’approche directe à des honoraires extrêmement compétitifs qui démarrent à partir de 15% de la rémunération annuelle brute.RECRUTER VOS TALENTS MIEUX, PLUS VITE ET MOINS CHERUne présence Internationale:Paris - Genève - Londres - Zürich - Bruxelles – Luxembourg - Frankfort -Düsseldorf - Boston – Afrique & Moyen Orient - Beijing - Shanghai - Guangzhou - Hong Kong - Taiwan – SingapourEn savoir-plus >> www.morganphilipsexecutivesearch.comMorgan Philips Group >> www.morganphilipsgroup.com",0,[],2,"['“Best Cross-Border Recruitment Agency” (Gold), 2016 HR Vendors of the Year Awards, 2016', 'Best Recruitment Firm – Human Resources” (Silver), 2016 HR Vendors of the Year Awards, 2016']"
38,13623,Montreal Associates, 33, 7, 18, 5, 8, 37,http://www.montrealassociates.com,"Londres, Angleterre (Royaume-Uni)",De 51 à 200 employés, 1978, Entreprise non cotée en bourse, Recrutement et sous-traitance, Entre 50 et 100 millions € (EUR) par an,"Nous ne sommes pas comme la plupart des sociétés de recrutement en informatique. Vous ne serez pas assommés par les chiffres. Nous privilégions le travail intelligent et le partage d’information. Vous ne passerez pas votre session de training à regarder une antique vidéo de deux experts du « cold calling » des années 80 et vous n’aurez pas à être une copie conforme de votre manager. Au contraire, à Montréal, vous trouverez un collectif qui partage le même objectif : aider les experts du secteur informatique, indépendants et salariés, à changer le monde par un recrutement plus fin et plus humain. Chaque recruteur et chaque commercial, est accompagné par son manager, les équipes supports et les collègues plus expérimentés afin de donner le meilleur d'eux-mêmes tout en apportant leur propre touche d'authenticité et peut-être même d'excentricité au travail.Nous sommes une agence de recrutement différente. Si vous pensez être un recruteur différent, nous voulons entendre parler de vous!",0,[],20,"['Gold Standard Audited Status, EcoVadis, 2016', 'Top 500, Recruitment International UK, 2015', 'Recruiter Hot 100, Recruiter, 2014', 'Top 50 IT & Telecoms, Recruitment International Awards, 2015', 'Top 50 IT & Telecoms, Recruitment International Awards, 2014', 'Marketing and Digital Recruitment Awards 2018, Technology & IT Specialist, 2018', '""Gold"" certification from EcoVadis, EcoVadis, 2018', 'Recruiter hot 100, Recruiter Hot 100, 2018', 'Gold Standard Audited Status, Ecovadis, 2017', 'Top 500, Recruitment International UK, 2017', 'Best B2B Campaign (Finalist), The Dotties, 2017', 'Best Email Subject Line (finalist), The Dotties, 2017', 'Email Marketer of The Year (Finalist), The Dotties, 2017', 'APSCo Award for Excellence, Diversity & Inclusion, 2017', 'Founder Member, APSCo Deutschland, 2016', 'Best Freelance Team (Finalist), The Marketing and Digital Recruitment Awards, 2016', 'Best Tech Digital Team Finalist, The Marketing and Digital Recruitment Awards, 2016', 'Marketing Star of the Year (Finalist), The Marketing and Digital Recruitment Awards, 2016', 'Open Company Status, Kununu, 2016', 'Top Company Status, Kununu, 2016']"
39,13624,STM, 61, 128, 47, 6, 17, 9,http://www.stm.info/fr/emploi,"Montréal, QC (Canada)",De 5 001 à 10 000 employés, 1861, Gouvernement, Secteur ferroviaire, Entre 100 et 500 millions € (EUR) par an,"Quinzième entreprise en importance au Québec, la STM emploie plus de 9 000 personnes, dont la moitié travaille en contact direct avec la clientèle. En 2015, son budget s’élevait à plus de 1,4 G$ et la valeur de remplacement de ses actifs était estimée à 26 G$. Acteur incontournable dans le secteur des transports de personnes, la STM assure plus de 86 % des déplacements en transport collectif dans la région de Montréal et plus de 70 % de tous ceux qui sont effectués au Québec. L’achalandage pour l’année 2015 se stabilise à 413,3 millions de déplacements, soit un léger recul de 0,9 % par rapport à 2014, une tendance généralisée dans les sociétés de transport au pays.",0,[],7,"[""Prix d'excellence (Responsabilité sociale des entreprises et des organismes), Durabilys, 2016"", 'Prix toiture végétalisée, Catégorie industrielle et commerciale, Durabilys, 2016', 'Prix Environnement, Prix Leadership des entreprises / ACTU, 2016', 'Best Employers in Canada, Forbes, 2016', 'Mention spéciale pour l’excellence du bâtiment/ catégorie Bâtiment neuf – tous genres, Concours Énergia, 2016', '1e rang des entreprises de taille moyenne les plus responsables au Québec, Corporate Knights, 2015', '1e rang des entreprises de taille moyenne de l’industrie des transports au Canada (toutes catégories confondues), Corporate Knights, 2015']"
40,13625,Polytechnique Montréal, 115, 21, 134, 13, 31, 8,http://www.polymtl.ca,"Montréal, QC (Canada)",De 1 001 à 5 000 employés, 1873, Enseignement supérieur/universitaire, Enseignement supérieur et universités, Ne sait pas / non applicable,"Fondée en 1873, Polytechnique Montréal, université d’ingénierie, est l’un des plus importants établissements d’enseignement et de recherche en génie au Canada. Elle occupe le premier rang au Québec pour l’ampleur et l’intensité de ses activités de recherche en génie. Polytechnique Montréal est située sur le Campus de l’Université de Montréal, le plus grand campus universitaire francophone en Amérique. Avec plus de 49 000 diplômés, Polytechnique a formé 22 % des membres en exercice de l’Ordre des ingénieurs du Québec. Elle propose plus de 120 programmes de formation. Polytechnique compte 260 professeurs et 8 600 étudiants. Son budget annuel de fonctionnement s’élève à 215 millions de dollars, dont un budget de recherche de 81 millions de dollars.",0,[],0,[]
41,13626,BMO Financial Group," 3,0k", 321," 3,9k", 982," 1,0k", 25,http://www.bmo.com,"Toronto, ON (Canada)",Plus de 10 000 employés, 1817, Entreprise cotée en bourse (BMO) , Banques et organismes de crédit, Entre 5 et 10 milliards € (EUR) par an,,0,[],11,"['Catalyst Award Winner, Catalyst, 2017', 'Financial Services Gender-Equality Index, Bloomberg, 2017', 'Bloomberg Financial Services Gender-Equality Index, Bloomberg Financial Services Gender-Equality Index, 2018', 'Best Workplaces, Great Place to Work, 2018', 'Disability Equality Index, Best Places to Work, 2018', '50 Most Engaged Workplaces, Achievers Winner, 2018', 'Best Workplaces in Canada, Great Places To Work, 2017', ""Canada's Most Admired Corporate Cultures, Waterstone, 2017"", 'Best Places to Work For LGBT Equality, Human Rights Campaign, 2017', 'Best Workplaces in Canada, eluta.ca, 2016', 'Most Attractive Employers, Universum Top 100 Employer in Canada, 2016']"
42,13627,Concordia University, 519, 22, 403, 41, 111, 8,http://www.concordia.ca,"Montréal, QC (Canada)",De 5 001 à 10 000 employés, Inconnu, Enseignement supérieur/universitaire, Enseignement supérieur et universités, Entre 100 et 500 millions € (EUR) par an,,0,[],0,[]
43,13628,University of Montreal, 146, 69, 173, 6, 38, 3,http://www.umontreal.ca,"Montréal, QC (Canada)",De 5 001 à 10 000 employés, Inconnu, Enseignement supérieur/universitaire, Enseignement supérieur et universités, Ne sait pas / non applicable,,0,[],0,[]
44,13629,CRIM (Computer Research Institute of Montreal), 6, 22, 3, --, --, --,http://www.crim.ca,"Montréal, QC (Canada)",Inconnu, Inconnu, Autre organisation, Recherche et développement, Ne sait pas / non applicable par an,,0,[],0,[]
45,13630,Eidos Montreal, 54, 92, 72, 6, 17, 9,http://www.eidosmontreal.com,"Montréal, QC (Canada)",Entre 201 et 500 employés, Inconnu, Entreprise cotée en bourse, Jeux vidéo, Entre 25 et 50 millions € (EUR) par an,,0,[],0,[]
46,13633,Softeam, 71, 152, 90, 6, 25, --,http://www.softeam.fr,Paris,De 501 à 1 000 employés, Inconnu, Entreprise non cotée en bourse, Matériel et logiciels informatiques, Entre 50 et 100 millions € (EUR) par an,"SOFTEAM est une société de Spécialistes qui associe expertise Métier au plus près de ses clients et expertise Technique dans le domaine notamment du Digital.SOFTEAM fait partie des 40 premières ESN en France avec plus de 1000 personnes, et un CA de 100 M€ en 2016, associant forte croissance organique et croissance externe ciblée.Le groupe SOFTEAM est organisé en 3 marques représentatives de ses Expertises :- SOFTEAM FINANCE, Leader reconnu en Finance, Banque et Assurance, fournisseur majeur de la plupart des grands comptes du domaineSOFTEAM FINANCE s’appuie principalement sur les équipes MOA et MOE Finance de Softeam Group et aussi sur les équipes Conseil de Capa Invest.- SOFTEAM DIGITAL, Innovateur en Digital et Social MediaSOFTEAM DIGITAL intègre notamment l’Agence Digitale ModeDemploi, mais aussi les équipes Digitales de SOFTEAM Group.- SOFTEAM CONSULTING, Spécialiste en Conseil Métier et OpérationnelSOFTEAM CONSULTING est constituée des sociétés Capa Invest et 2B Consulting.",0,[],0,[]
47,13634,NVIDIA," 2,4k"," 2,2k"," 4,3k"," 1,2k", 743, 62,http://www.nvidia.com,"Santa Clara, CA (États-Unis)",Plus de 10 000 employés, 1993, Entreprise cotée en bourse (NVDA) , Matériel et logiciels informatiques, Entre 5 et 10 milliards € (EUR) par an,,0,[],17,"[""World's Most Admired Companies, Fortune, 2017"", '100 Best Companies to Work For, Glassdoor Employees Choice Awards - US, 2017', ""The World's Most Innovative Companies, Fast Company Magazine, 2017"", 'Fortune 100 Best Companies to Work For, Fortune, 2017', 'Employees’ Choice - 50 Best Places to Work, Glassdoor, 2017', 'Yahoo Finance Company of the Year, Yahoo Finance, 2016', 'Great Place to Work 2016, Great Place to Work 2016, 2016', ""America's Best Employers, Forbes, 2016"", ""Glassdoor's Highest Rated CEO's, Glassdoor, 2016"", '50 Smartest Companies, MIT Technology Review, 2016', 'Best-Performing CEOs in the World(JEN-HSUN HUANG), Harvard Business Review, 2015', 'Newsweek Green Rankings(20), Newsweek, 2015', '50 Smartest Companies, MIT Technology Review, 2015', 'Employees’ Choice - Best Places to Work, Glassdoor, 2015', 'PACE Award, Automotive News, 2015', 'Dow Jones Sustainability Index, Dow Jones Sustainability Index, 2015', 'Fortune 500, Fortune, 2015']"
48,13636,2S2I Solutions & Services, 4, 263, 3, 1, --, 4,http://www.2s2isolutions.com,Montpellier,De 51 à 200 employés, 2007, Autre organisation, Services informatiques, Entre 5 et 10 millions € (EUR) par an,"2S2I est une ESN à taille humaine avec un management de proximité, une culture et des valeurs qui inscrivent nos collaborateurs au cœur de son développement. Avec le renouveau de l’entreprise en 2016, 2S2I continue sa croissance et, à tous les niveaux, nous avons à cœur le bien-être de nos collaborateurs et la réussite de nos projets.Grâce à nos consultants et experts, répartis sur toute la France, nous offrons, depuis plus de 10 ans, à nos clients, grands comptes à dimension nationale ou internationale, des services d’excellence dans le secteur du numérique (conseil métier/MOA, ingénierie applicative, gestion des infrastructures et management de l’information/data intelligence).",0,[],0,[]
49,13637,ALTRAN, 3," 2,3k", 2, --, --, --,http://www.meinjobinhamburg.de,Hambourg (Allemagne),Inconnu, Inconnu, Entreprise cotée en bourse, Inconnu, Ne sait pas / non applicable par an,,0,[],0,[]
50,13638,ALTRAD Group, 17, 3, 12, 1, 5, --,http://www.altrad.com,Montpellier,De 1 001 à 5 000 employés, Inconnu, Entreprise non cotée en bourse, Inconnu, Ne sait pas / non applicable par an,,0,[],0,[]
51,13639,Altran Group," 2,1k"," 2,9k"," 2,9k", 548, 615, 52,http://www.altran.com,Paris,Plus de 10 000 employés, 1991, Entreprise cotée en bourse (ALT) , Services informatiques, Entre 2 et 5 milliards € (EUR) par an,"Altran Group, a global leader in innovation and high-tech engineering consulting, supports companies in the creation and development of their new products and services. Altran Innovation Makers have been providing their expertise for over thirty years to key players in the Aerospace, Automotive, Defence, Energy, Finance, Life Sciences, Railway, and Telecoms sectors, among others. Covering every stage of project development from strategic planning to manufacturing, Altran solutions capitalise on the Group’s technological know-how in five key areas: Innovative Product Development, Intelligent Systems, Lifecycle Experience, Mechanical Engineering, and Information Systems.",0,[],1,"['Most Company Quality Certifications, Guinness World Record, 2015']"
52,13640,Altran Engineering Solution, 136, 228, 243, 36, 8, --,http://www.altranengineeringsolutions.com,Nice,De 501 à 1 000 employés, 2006, Entreprise non cotée en bourse, Fabrication industrielle, Entre 10 et 25 millions € (EUR) par an,,0,[],0,[]
53,13641,Altran North America," 3,5k", 320," 3,3k", 828, 776, 100,http://northamerica.altran.com,"New York, NY (États-Unis)",Plus de 10 000 employés, 1991, Entreprise cotée en bourse, Services de télécommunications, Entre 1 et 2 milliards € (EUR) par an,,0,[],8,"['Supplier Excellence in Quality, CISCO, 2012', 'Global L&D Team of the Year(Silver), TISS-LeapVault CLO Awards, 2012', 'Partner of the Year, Cisco Channel Partner Program, 2015', 'Top 500 Technology Innovators, InformationWeek 500, 2012', 'Continuing Professional Education Provider of the Year Award, The Project Management Institute, 2011', 'Wireless Backhaul Distinction Award, Technology Marketing Corporation and Crossfire Media, 2011', '4GWE Product of the Year Award, Technology Marketing Corporation and Crossfire Media, 2010', 'Communications Solutions Product of the Year Award, Technology Marketing Corporation, 2008']"
54,13643,Altran Telnet, 1, --, 1, --, --, --,,Tunis (Tunisie),Entre 201 et 500 employés, Inconnu, Franchise, Inconnu, Ne sait pas / non applicable par an,,0,[],0,[]
55,13645,Sephora," 4,0k"," 2,6k"," 4,9k"," 1,2k"," 1,2k", 51,http://jobs.sephora.com,"San Francisco, CA (États-Unis)",Plus de 10 000 employés, 1969, Entreprise non cotée en bourse, Salons de beauté et magasins d'accessoires, Entre 2 et 5 milliards € (EUR) par an,"Sephora est l'une des plus grandes chaînes de distribution de produits de beauté en Europe. Présente aux Etats-Unis depuis 1998, elle poursuit aujourd'hui son développement, en Asie notamment. Partez à la découverte de notre entreprise, de nos valeurs et de notre approche novatrice de la beauté. Découvrez nos magasins innovants, nos différents sites internet et accédez au groupe LVMH.",0,[],15,"[""America's Best Employers, Forbes Magazine, 2015"", 'Best Places to Work for LGBTQ Equality, Human Rights Campaign Foundation, 2019', 'America’s Best Employers for Diversity, Forbes, 2019', 'Retailer of the Year, World Retail Congress, 2018', ""2018 World's Most Innovative Companies (#36), Fast Company, 2018"", '100 Best Workplaces for Women, Great Place to Work® and Fortune, 2017', ""America's Best Large Employers, Forbes Magazine, 2017"", '#1 - ""Genius"" Ranking in Digital IQ Index: Specialty Retail, L2, 2017', 'Great Place to Work 2016-2017, Great Place to Work Institute, 2016', '#1 - Genius Digital IQ Index: Specialty Retail, L2, 2016', 'Top 100 Most InDemand Employers, LinkedIn, 2015', 'Top 10 Relevant Brand(#10), Prophet: Brand Relevant Index, 2015', '#1 - ""Genius"" Ranking in Digital IQ Index: Specialty Retail, L2, 2015', 'Digital IQ Index: Specialty Retail, L2, 2014', 'Employees’ Choice - 50 Best Places to Work, Glassdoor, 2012']"
56,13646,LVMH, 556," 1,3k", 688, 112, 140, 16,http://www.lvmh.fr,Paris,Plus de 10 000 employés, 1987, Entreprise cotée en bourse (MC) , Autres magasins de détail, Entre 5 et 10 milliards € (EUR) par an,"Leader mondial du luxe, LVMH déploie, depuis sa création en 1987, un modèle marqué par son dynamisme.LVMH est un écosystème de 75 Maisons d’exception qui créent des produits de haute qualité et est le seul acteur présent simultanément dans cinq secteurs majeurs du luxe : Vins & Spiritueux, Mode & Maroquinerie, Parfums & Cosmétiques, Montres & Joaillerie et Distribution sélective. Il compte plus de 156 000 collaborateurs à travers le monde et a réalisé en 2018 des ventes de 46 milliards d’euros.LVMH réunit des Maisons d'exception. Chacune d'entre elles crée des produits porteurs d’un savoir-faire maîtrisé, d’un héritage préservé et d’un ancrage dans la modernité. C’est à travers eux qu’elles sont les ambassadeurs d’un art de vivre raffiné.Rejoindre LVMH, c’est intégrer une communauté de plus de 156 000 femmes et hommes qui incarnent au quotidien les valeurs fondamentales énoncées par le Groupe – être créatifs et innovants, offrir l’excellence, et cultiver l’esprit d’entreprise.",0,[],12,"[""#1 Universum's Top 100 Most Attractive Employers, Universum, 2017"", ""#1 Universum's Top 100 Most Attractive Employers, Universum, 2016"", '#1 LinkedIn Top Companies France, LinkedIn, 2017', '#1 Trendence Graduate Barometer - Business Edition France, Trendence, 2016', ""#1 Universum's Top 100 Most Attractive Employers, Universum, 2015"", ""#1 Universum's Top 100 Most Attractive Employers, Universum, 2014"", ""#1 Universum's Top 100 Most Attractive Employers, Universum, 2013"", ""#1 Universum's Top 100 Most Attractive Employers, Universum, 2012"", ""#1 Universum's Top 100 Most Attractive Employers, Universum, 2011"", ""#1 Universum's Top 100 Most Attractive Employers, Universum, 2010"", ""#1 Universum's Top 100 Most Attractive Employers, Universum, 2009"", ""Top 200 World's Most Reputable Companies, Forbes, 2009""]"
57,13647,Statkraft AS, 50, 86, 51, 4, 2, --,http://www.statkraft.com,Oslo (Norvège),Entre 201 et 500 employés, Inconnu, Entreprise non cotée en bourse, Services publics de distribution, Plus de 10 milliards € (EUR) par an,,0,[],0,[]
58,13648,Sparklane, 16, --, 3, 1, 6, --,http://www.sparklane-group.com,Paris,De 1 à 50 employés, 2009, Inconnu, Solutions logicielles et réseau d'entreprise, Ne sait pas / non applicable,,0,[],0,[]
59,13649,Manpower," 4,4k"," 6,9k"," 3,0k", 565, 752, 49,http://www.manpower.com,"Uxbridge, Angleterre (Royaume-Uni)",De 5 001 à 10 000 employés, 1948, Filiale ou unité d'exploitation, Recrutement et sous-traitance, Entre 5 et 10 milliards € (EUR) par an,"Nous avons une vision globale du marché du travail, nourrie par la somme de nos expertises locales et de notre connaissance approfondie des marchés.Nos échanges avec les équipes dirigeantes des plus grandes entreprises du monde se mêlent avec notre dialogue permanent avec plus de 10 millions d’individus, à tous les niveaux de l’entreprise.Pour ces raisons, notre positionnement est à la fois mondial et unique : il nous permet de proposer des solutions innovantes pour aider les individus et les entreprises à travailler ensemble, afin de gagner et de progresser mutuellement.Nous avons près de 3 500 bureaux dans plus de 80 territoires partout dans le monde.Nous formons plus de 12 millions de personnes chaque année.Nous avons plus de 400 000 clients.Nous donnons du travail à plus de 635 000 personnes chaque jour.Nous sommes le leader mondial du recrutement externalisé, le leader du placement sur le secteur IT, et le premier cabinet mondial d’outplacement.",0,[],12,"['Reasonable Adjustments In Recruitment Award, Recruitment Industry Disability Initiative, 2018', ""Women's Choice Award - Best Company to Work for Women, Women' Choice Award, 2018"", 'World’s Most Admired Companies, Fortune, 2019', ""World's Most Ethical Companies, Ethisphere® Institute, 2019"", ""World's Most Admired Companies, Fortune, 2018"", ""World's Most Ethical Companies, Ethisphere Institute, 2018"", 'People Development Programme of the Year - Silver Award, The Learning Awards, 2018', 'Greatest Impact Award, Recruitment Industry Disability Initiative, 2018', 'Sustainability Award: Silver Class, RobecoSAM, 2017', 'Defence Employer Recognition Scheme Gold Award, UK Ministry of Defence, 2017', 'World’s Most Admired Companies, Fortune, 2017', 'World’s Most Ethical Companies, Ethisphere Institute, 2017']"
60,13650,ITS, 44, 200, 29, 7, 9, 1,http://www.innovativetargeting.com,"Burnaby, BC (Canada)",De 1 à 50 employés, 2008, Entreprise non cotée en bourse, Biotechnologies et pharmaceutique, Moins d&#039;1 million € (EUR) par an,,0,[],0,[]
61,13652,ITS Group, 53, 176, 46, 7, 13, 9,http://www.itsgroup.com,Boulogne-Billancourt,De 1 001 à 5 000 employés, 1997, Entreprise cotée en bourse, Services informatiques, Entre 100 et 500 millions € (EUR) par an,"ITS Group propose une offre de solutions et services spécialisés à très forte valeur ajoutée et s’engage aux côtés des Directions Informatiques dans une démarche d’optimisation et d’industrialisation des infrastructures et des applications.Partenaire actif des principaux éditeurs de logiciels, ITS Group se positionne comme point de convergence indépendant entre l’offre technologique et les besoins de ses clients.ITS Group est en mesure d’intervenir sur toutes les étapes d’un projet avec un pilotage adapté aux besoins de l’entreprise, de manière forfaitaire ou en assistance technique couvrant ainsi les problématiques de Gouvernance IT, de Production informatique in ou out en proposant un hébergement sécurisé de l’ensemble de la puissance informatique et des Services dédiés à l’utilisateur.",0,[],1,"['Gold Partner, Datacore, 2015']"
62,13653,Loria, 9, 6, 9, --, 1, 2,http://www.loria.fr,Vandoeuvre,De 501 à 1 000 employés, Inconnu, Entreprise non cotée en bourse, Recherche et développement, Ne sait pas / non applicable par an,"Le Loria, laboratoire lorrain de recherche en informatique et ses applications est une Unité Mixte de Recherche (UMR 7503), commune à plusieurs établissements : le CNRS, l'Université de Lorraine et Inria.Le LORIA a pour mission la recherche fondamentale et appliquée en sciences informatiques et ce, depuis sa création, en 1997.Le LORIA est membre de la Fédération Charles Hermite qui regroupe les trois principaux laboratoires de recherche en mathématiques et STIC (science et technologies de l’information et de la communication) de Lorraine. (avec l'IECL et le CRAN)Nos travaux scientifiques sont menés au sein de 28 équipes structurées en 5 départements, dont 15 sont communes avec Inria, représentant un total de plus de 500 personnes. Le LORIA est un des plus grands laboratoires de la région lorraine.",0,[],0,[]
63,13654,ITS Overlap, 2, --, 6, --, --, --,http://www.itsoverlap.fr,Nanterre,Entre 201 et 500 employés, 2006, Entreprise non cotée en bourse, Production animale, Ne sait pas / non applicable par an,,0,[],0,[]
64,13655,Canon ITS, 46, --, 53, 12, 24, 3,http://www.cits.canon.com,"Chesapeake, VA (États-Unis)",Entre 201 et 500 employés, Inconnu, Filiale ou unité d'exploitation, Comptabilité, Entre 25 et 50 millions € (EUR) par an,,0,[],0,[]
65,13660,Groupe SII, 169, 747, 227, 29, 73, 8,http://www.groupe-sii.com,Paris,De 1 001 à 5 000 employés, 1979, Entreprise cotée en bourse (SII) , Services informatiques, Entre 100 et 500 millions € (EUR) par an,"Fort de plus de 30 ans d'expertise dans le conseil en technologies et l'intégration de systèmes, le groupe SII possède l'ensemble des compétences nécessaires à l'accompagnement de ses clients dans leurs besoins d'évolution technologique.",0,[],0,[]
66,13661,Sii Poland, 156," 1,6k", 80, 26, 49, 31,http://www.sii.pl,Varsovie (Pologne),De 1 001 à 5 000 employés, 2006, Entreprise non cotée en bourse, Services informatiques, Entre 100 et 500 millions € (EUR) par an,,0,[],5,"['Great Places to Work, Great Place to Work® Institute, 2017', 'Great Place to Work Poland 2018, Great Place to Work Institute, 2018', 'Great Place to Work Poland, Great Place to Work Institute, 2019', 'Great Place to Work Europe, Great Place to Work Institute, 2019', 'Great Place to Work Europe 2018, Great Place to Work Institute, 2018']"
67,13668,cerema, 13, --, 8, 1, 1, --,http://www.cerema.fr,"Bron, Rhône-Alpes",De 1 001 à 5 000 employés, 2014, Inconnu, Inconnu, Ne sait pas / non applicable par an,,0,[],0,[]
68,13673,Paris Inn Group, 14, 116, 7, --, 1, --,http://www.paris-inn-group.com,Paris,De 501 à 1 000 employés, Inconnu, Entreprise non cotée en bourse, Inconnu, Ne sait pas / non applicable par an,,0,[],0,[]
69,13676,Groupe Altice Média, 9, 2, 12, --, 1, --,http://www.lexpress.fr,Paris,De 501 à 1 000 employés, Inconnu, Inconnu, Inconnu, Ne sait pas / non applicable par an,,0,[],0,[]
70,13677,CALIDA Group, 2, 80, 5, 1, 1, --,http://www.calidagroup.com,Sursee (Suisse),Inconnu, 1941, Inconnu, Inconnu, Ne sait pas / non applicable par an,,0,[],0,[]
71,13678,Logware, 33, 155, 27, 5, 5, 11,http://www.logware.fr,Paris,Entre 201 et 500 employés, 1997, Entreprise non cotée en bourse, Conseils, Moins d&#039;1 million € (EUR) par an,"Société de services informatiques créée en 1997, LOGWARE est reconnue sur le marché pour son efficience et la qualité de son conseil. Forts d'une expertise de plus de vingt ans, nous couvrons aujourd'hui les grands domaines du SI en proposant l'un des portefeuilles d'offres parmi les plus complets du marché : (1) Conseil et MOA, (2) Gestion des infrastructures, et (3) Etude et Développement.Intervenant dans de nombreux secteurs d'activités : Banque, Assurance, Finance, Services, Energie, Distribution, etc., nous accompagnons nos clients dans le déploiement de leurs projets et la transformation de leurs services.Notre ambition est d'apporter une réponse globale aux enjeux de développement et de compétitivité des grandes entreprises et organisations, en combinant valeur ajoutée, innovation, expertise et performance des services délivrés.En 2018, LOGWARE a poursuivi sa croissance continue, comptant près de 500 collaborateurs et affichant un chiffre d'affaires de 70 millions d'euros.",0,[],1,"['ISO 9001 Certification, BSI Group, 2019']"
72,13679,Fortuneo SA, 16, --, 10, 1, 11, --,http://www.fortuneo.fr,Paris,Entre 201 et 500 employés, 2000, Filiale ou unité d'exploitation, Banques et organismes de crédit, Ne sait pas / non applicable par an,,0,[],0,[]
73,13689,Adsearch, 16, 597, 12, 2, --, --,http://www.adsearch.fr,Paris,De 51 à 200 employés, Inconnu, Entreprise non cotée en bourse, Inconnu, Ne sait pas / non applicable par an,,0,[],0,[]
74,13691,Groupe Adéquat, 49," 8,2k", 29, 6, 38, 7,http://www.groupeadequat.com,Lyon,De 501 à 1 000 employés, 1987, Entreprise non cotée en bourse, Recrutement et sous-traitance, Entre 500 millions et 1 milliard € (EUR) par an,"Adéquat, simplement pour vousAvec ses 1000 collaborateurs et presque 1 milliard d'€ de Chiffre d'Affaires, le Groupe Adéquat est un acteur incontournable sur le marché global des ressources humaines (Intérim, CDI, CDD, Expertise). Indépendant depuis sa création il y a bientôt 30 ans, le Groupe Adéquat se distingue par le fait de savoir mettre avec simplicité l’individu au cœur de la relation. L’engagement exceptionnel de ses collaborateurs au service des clients a permis au Groupe de connaître une croissance soutenue. Le Groupe déploie ses activités au travers de 3 marques complémentaires : Adéquat (Travail temporaire, CDD et CDI), Inside Staffing (Agences implantées) & Adsearch (Expertise & Recrutement).Le développement du Groupe passe désormais par l'international avec l'ouverture en 2015 d'un réseau en Belgique et l'ouverture d'autres pays en projet.",0,[],1,"['TOP 20 Glassdoor des entreprises offrant le meilleur équilibre travail/vie privée, Glassdoor, 2016']"
75,13692,Teads, 102, 47, 89, 26, 25, 42,http://www.teads.com,Luxembourg (Luxembourg),De 501 à 1 000 employés, 2011, Entreprise non cotée en bourse, Publicité et marketing, Entre 100 et 500 millions € (EUR) par an,"Teads is The Global Media Platform. We have united and empowered the best publishers in the world and distribute ads to over 1.5 billion people every month within professionally-produced content.Through its end-to-end platform, Teads provides demand-side, sell-side and creative technology to deliver better media effectiveness for brands, better monetisation solutions for publishers, and better experiences for consumers.Teads partners with the leading marketers, agencies and publishers through a team of 800+ people in 26 countriesWe're committed to creating a dynamic work environment that values diversity and inclusion, and represents employees across a variety of skill sets. We embrace contributions from all ages, sexes, races, ethnicities, religions, sexual orientations and gender identities.",0,[],3,"[""Best Places to Work, Crain's New York Business, 2015"", 'Best Use of Native Advertising, Festival of Media LatAm, 2015', ""Inc's Best Places to Work, Inc., 2017""]"
76,13693,Datadog, 132, 456, 140, 160, 34, 21,http://www.datadoghq.com,"New York, NY (États-Unis)",De 1 001 à 5 000 employés, 2010, Entreprise cotée en bourse (DDOG) , Matériel et logiciels informatiques, Ne sait pas / non applicable,,0,[],2,"[""Crain's Best Places to Work in NYC, Crain's New York Business, 2015"", ""2016 Crain's Best Places To Work, Crain's, 2016""]"
77,13699,LVMH, 556," 1,3k", 688, 112, 140, 16,http://www.lvmh.fr,Paris,Plus de 10 000 employés, 1987, Entreprise cotée en bourse (MC) , Autres magasins de détail, Entre 5 et 10 milliards € (EUR) par an,"Leader mondial du luxe, LVMH déploie, depuis sa création en 1987, un modèle marqué par son dynamisme.LVMH est un écosystème de 75 Maisons d’exception qui créent des produits de haute qualité et est le seul acteur présent simultanément dans cinq secteurs majeurs du luxe : Vins & Spiritueux, Mode & Maroquinerie, Parfums & Cosmétiques, Montres & Joaillerie et Distribution sélective. Il compte plus de 156 000 collaborateurs à travers le monde et a réalisé en 2018 des ventes de 46 milliards d’euros.LVMH réunit des Maisons d'exception. Chacune d'entre elles crée des produits porteurs d’un savoir-faire maîtrisé, d’un héritage préservé et d’un ancrage dans la modernité. C’est à travers eux qu’elles sont les ambassadeurs d’un art de vivre raffiné.Rejoindre LVMH, c’est intégrer une communauté de plus de 156 000 femmes et hommes qui incarnent au quotidien les valeurs fondamentales énoncées par le Groupe – être créatifs et innovants, offrir l’excellence, et cultiver l’esprit d’entreprise.",0,[],12,"[""#1 Universum's Top 100 Most Attractive Employers, Universum, 2017"", ""#1 Universum's Top 100 Most Attractive Employers, Universum, 2016"", '#1 LinkedIn Top Companies France, LinkedIn, 2017', '#1 Trendence Graduate Barometer - Business Edition France, Trendence, 2016', ""#1 Universum's Top 100 Most Attractive Employers, Universum, 2015"", ""#1 Universum's Top 100 Most Attractive Employers, Universum, 2014"", ""#1 Universum's Top 100 Most Attractive Employers, Universum, 2013"", ""#1 Universum's Top 100 Most Attractive Employers, Universum, 2012"", ""#1 Universum's Top 100 Most Attractive Employers, Universum, 2011"", ""#1 Universum's Top 100 Most Attractive Employers, Universum, 2010"", ""#1 Universum's Top 100 Most Attractive Employers, Universum, 2009"", ""Top 200 World's Most Reputable Companies, Forbes, 2009""]"
78,13700,CELINE, 65, 1, 45, 12, 6, 1,http://www.celine.com,Paris,De 1 001 à 5 000 employés, 1945, Cabinet / Société du secteur privé," Magasins de chaussures, de vêtements et grands magasins", Entre 500 millions et 1 milliard € (EUR) par an,,0,[],0,[]
79,13701,Les Echos, 20, 17, 26, 1, 6, 1,http://www.lesechos.fr,Paris,Entre 201 et 500 employés, 1908, Filiale ou unité d'exploitation, Édition, Entre 50 et 100 millions € (EUR) par an,,0,[],0,[]
80,13702,Kendo, 80, 96, 48, 25, 22, 31,http://www.kendobrands.com,"San Francisco, CA (États-Unis)",Entre 201 et 500 employés, Inconnu, Filiale ou unité d'exploitation, Salons de beauté et magasins d'accessoires, Ne sait pas / non applicable,,0,[],7,"['WWD Prestige Launch of the Year for Award for Marc Jacobs Beauty, WWD, 2014', 'Most Innovative Launch at Sephora - Kat Von D Beauty Studded Kiss Lipstick, Sephora, 2015', 'Allure Best of Beauty Reader’s Choice Award for Kat Von D Beauty Tattoo Liner, Allure, 2017', 'TIME - Fenty Beauty, Best Inventions of 2017, 2017', 'Allure Best of Beauty Award for Marc Jacobs Beauty Enamored Hi-Shine Lip Lacquer, Allure Magazine, 2016', 'Sephora’s fastest growing brand - Kat Von D Beauty, Sephora, 2016', 'O Magazine Beauty O-ward for best lipstick - Bite Beauty Amuse Bouche Lipstick, O Magazine Beauty, 2016']"
81,13704,Sanofi," 4,1k"," 3,8k"," 5,3k", 742," 1,7k", 67,http://www.sanofi.com,Paris,Plus de 10 000 employés, 1973, Entreprise cotée en bourse (SNY) , Biotechnologies et pharmaceutique, Entre 5 et 10 milliards € (EUR) par an,"Sanofi est la première entreprise pharmaceutique française. C'est également la première entreprise française tous secteurs confondus en termes de capitalisation boursière, en alternance avec Total.Première entreprise de recherche et développement en France, c'est un des leaders mondiaux pour les vaccins avec sa filiale Sanofi Pasteur.Ce groupe mondial est concentré sur des domaines de recherche prioritaires : oncologie, vaccins, diabète, ophtalmologie, sclérose en plaques, immuno-modulation, maladies infectieuses, maladies rares, maladies dégénératives, maladies rénales, cardiovasculaire et métabolisme.",1,"[{'name': 'Meilleurs Employeurs', 'year': '2020', 'position': '9'}, {'name': 'Meilleurs Employeurs', 'year': '2019', 'position': '22'}, {'name': 'Meilleurs Employeurs', 'year': '2018', 'position': '13'}, {'name': 'Meilleurs Employeurs', 'year': '2017', 'position': '13'}, {'name': 'Meilleurs Employeurs', 'year': '2016', 'position': '1'}]",0,[]
82,13705,Sanofi Pasteur, 41, --, 48, 7, 17, --,http://www.sanofipasteur.com.ar,,Inconnu, Inconnu, Entreprise non cotée en bourse, Inconnu, Ne sait pas / non applicable par an,,0,[],0,[]
83,13706,Merial, 135, --, 143, 39, 47, --,http://www.merial.com,"Harlow, Angleterre (Royaume-Uni)",De 1 001 à 5 000 employés, Inconnu, Filiale ou unité d'exploitation, Fabrication de produits grand public, Entre 25 et 50 millions € (EUR) par an,,0,[],0,[]
84,13708,Groupe Crédit Agricole," 1,1k"," 3,4k"," 1,5k", 211, 299, 10,http://www.credit-agricole.com,Montrouge,De 5 001 à 10 000 employés, 1885, Entreprise cotée en bourse (CRARF) , Investissements bancaires et gestion d'actifs, Entre 5 et 10 milliards € (EUR) par an,"Le groupe Crédit Agricole est le premier financeur de l’économie française et l’un des tout premiers acteurs bancaires en Europe. Leader de la banque de proximité en Europe, le groupe est également premier gestionnaire d’actifs et premier bancassureur en Europe, et leader mondial du financement de l’aéronautique.Fort de ses fondements coopératifs et mutualistes, de ses 140 000 collaborateurs et 31 500 administrateurs des Caisses locales et régionales, le groupe Crédit Agricole est une banque responsable et utile, au service de 50 millions de clients, 8,2 millions de sociétaires et 1,1 million d’actionnaires.Grâce à son modèle de banque universelle de proximité -l’association étroite entre ses banques de proximité et les métiers qui leur sont liés - le Groupe accompagne ses clients dans leurs projets en France et dans le monde : assurance, immobilier, moyens de paiement, gestion d’actifs, crédit-bail et affacturage, crédit à la consommation, banque de financement et d’investissement.",2,"[{'name': 'Meilleurs Employeurs', 'year': '2017', 'position': '8'}, {'name': 'Le Top des PDG', 'year': '2016', 'position': '1'}]",5,"['Global 100 Most Sustainable Corporations List, Corporate Knights, 2010', 'Top 200 of the Global 2000, Forbes, 2009', 'Global 100 Most Sustainable Corporations List, Corporate Knights, 2009', 'Top 200 of the Global 2000, Forbes, 2008', 'Global 100 Most Sustainable Corporations List, Corporate Knights, 2008']"
85,13709,Groupe Crédit Agricole du Maroc, 18, --, 5, 1, 2, --,http://www.creditagricole.ma/pages/default.aspx,Rabat (Maroc),De 501 à 1 000 employés, Inconnu, Entreprise cotée en bourse, Banques et organismes de crédit, Ne sait pas / non applicable,,0,[],0,[]
86,13710,CACIB, 401, 342, 499, 74, 114, 13,http://www.cacib.com,Paris,De 5 001 à 10 000 employés, 1994, Entreprise non cotée en bourse, Investissements bancaires et gestion d'actifs, Entre 5 et 10 milliards € (EUR) par an,"Crédit agricole Corporate and Investment Bank(ex Calyon) est la banque d'investissement du groupe Crédit agricole. Crédit agricole CIB est née en mai 2004 avec effet rétroactif au 1er janvier 2004 de l’apport des activités de banque de financement et d’investissement (BFI) du Crédit lyonnais à Crédit agricole Indosuez (CAI), elle-même née en 1996 du rachat de la Banque Indosuez par le Crédit agricole. Créée sous le nom de Calyon (contraction de Crédit agricole et Crédit lyonnais), elle est renommée en 2010 dans un contexte d'harmonisation des différentes marques du groupe Crédit agricole. Elle est souvent abrégée en CA-CIB ou CACIB.",0,[],0,[]
87,13711,Crédit Agricole d'Ile de France, 4, 7, 5, --, --, --,http://www.ca-paris.com,Paris,De 1 001 à 5 000 employés, Inconnu, Inconnu, Inconnu, Ne sait pas / non applicable par an,,0,[],0,[]
88,13712,Crédit Agricole d'Aquitaine, 2, 17, 1, --, --, --,http://www.credit-agricole.fr,"Bordeaux, Aquitaine",De 1 001 à 5 000 employés, Inconnu, Entreprise cotée en bourse, Inconnu, Ne sait pas / non applicable par an,,0,[],0,[]
89,13713,Crédit Agricole, 1, 757, 1, --, --, --,http://www.credit-agricole.fr,Paris,Inconnu, Inconnu, Entreprise cotée en bourse, Inconnu, Ne sait pas / non applicable par an,,0,[],0,[]
90,13714,Lectra, 105, 99, 96, 8, 36, 9,http://www.lectra.com,Paris,De 1 001 à 5 000 employés, 1973, Entreprise cotée en bourse (LSS) , Matériel et logiciels informatiques, Entre 500 millions et 1 milliard € (EUR) par an,"Lectra est le partenaire technologique des entreprises utilisatrices de matières souples, notamment dans les industries de la mode, de l’automobile et de l’ameublement. Son offre haut de gamme combine des logiciels, systèmes de découpe et services pour donner aux marques et aux fabricants les moyens de leurs ambitions, du design à la production, mais aussi la reconnaissance et la sérénité qu’elles méritent.Fondée en 1973, Lectra compte plus de 1 700 collaborateurs en France et dans ses 32 filiales, qui servent des milliers de clients dans plus de 100 pays dans le monde. Coté sur Euronext (LSS), le groupe a réalisé un chiffre d’affaires de 283 millions € en 2018.",0,[],6,"['Prix 2014 EY de l’Entreprise internationale, EY, 2014', ""TOP/COM d'argent, TOP/COM grands prix corporate business, 2015"", 'Prix des Bonnes Pratiques Qualité Aquitaine, Association France Qualité Performance en Aquitaine, 2017', 'Label Vitrine Industrie du futur, Alliance Industrie du Futur, 2017', 'Company of the year, The Technology Headlines, 2017', ""Trophée U-Spring des universités d’entreprise en France, U-Spring, Printemps des universités d'entreprise, 2016""]"
91,13716,Sopra Steria," 2,6k"," 2,5k"," 2,9k", 643, 754, 62,http://www.soprasteria.com,Annecy-le-Vieux,Plus de 10 000 employés, 1968, Entreprise cotée en bourse (SOP:EN Paris) , Services informatiques, Entre 2 et 5 milliards € (EUR) par an,"Sopra Group est un chef de file en matière de consultation, de services informatiques et de développement de logiciels en Europe, en fournissant une assistance et de guider ses clients pour assurer le succès de leurs complexes projets de transformation. Avec une attention particulière aux processus métier et les systèmes d'information, en combinant la qualité de la production industrielle, des services performants, à valeur ajoutée et de l'innovation pour les solutions qu'il apporte, Sopra Group est le partenaire de choix pour les grandes entreprises et les organisations qui souhaitent la meilleure utilisation de la technologie de l'information pour améliorer leur développement et leur avantage concurrentiel.",0,[],1,"['Beste Berater, brand eins Thema, 2016']"
92,13717,Sopra Steria Recruitment, 15, 15, 12, 4, 1, --,http://www.soprasteriarecruitment.co.uk,"Reading, Angleterre (Royaume-Uni)",De 51 à 200 employés, 1979, Filiale ou unité d'exploitation, Recrutement et sous-traitance, Ne sait pas / non applicable,,0,[],0,[]
93,13718,CITECH, 2, 231, 1, 2, --, 1,http://www.citech.pro,Paris,De 51 à 200 employés, 2013, Cabinet / Société du secteur privé, Services informatiques, Entre 1 et 5 millions € (EUR) par an,"CITECH, entreprise au service du numérique (ESN), accompagne la transformation digitale des entreprises et des organismes du secteur public au travers de prestations de services en ingénierie informatique.Nous sommes présents sur toute la France avec des bureaux à Paris, Rennes, Lille, Strasbourg, Dijon, Lyon et Aix-en-Provence.Venez rejoindre nos équipes pour participer à des projets innovants dans un environnement vous permettant d'exprimer pleinement vos talents !Retrouvez toutes nos offres d’emploi sur notre site : https://careers.smartrecruiters.com/CITECHNous étudierons avec la plus grande attention votre candidature que nous vous invitons à nous envoyer à l'adresse : recrutement@citech.pro",0,[],0,[]
94,13722,Group Adaming, 49, 1, 36, 18, 24, --,http://www.adaming.fr,Paris,De 501 à 1 000 employés, 2010, Cabinet / Société du secteur privé, Services informatiques, Entre 25 et 50 millions € (EUR) par an,"Crée en 2010, le Groupe Adaming est une ESN (Entreprise de Services du Numérique) spécialisée dans le conseil, la formation et l’ingénierie numérique. Au travers son implantation en France (Paris, Lille, Strasbourg, Nantes, Tours, Lyon, Bordeaux, Toulouse, Nice) et à l’international (Montréal, Barcelone, Tunis, Casablanca, Alger), le Groupe accompagne la transformation digitale des entreprises.Nos clients sont de grands comptes qui opèrent dans différents secteurs d’activités : Banque, Défense, Secteur Public, Télécoms, Protection Sociale, Santé, Énergie, Environnement, Spatial, Aéronautique, Transport, Distribution, etc.",0,[],0,[]
95,13723,Micropole, 51, 127, 91, 11, 25, 7,http://www.micropole.com,Levallois-Perret,De 1 001 à 5 000 employés, 1987, Entreprise cotée en bourse, Conseils, Entre 100 et 500 millions € (EUR) par an,"Au sein du Groupe Micropole, nous sommes convaincus que l’optimisation du patrimoine data des entreprises est la clé de leur performance. Conseil stratégique, innovation technologique et expertise métiers sont au cœur de notre ADN. L’intelligence collective et les enjeux du futur nous inspirent.Notre véritable richesse : les hommes et les femmes du groupe, nos catalyseurs d’innovation. Animées par des valeurs fortes, nos équipes expertes et complémentaires savent travailler en synergie pour imaginer les solutions les plus performantes au service de nos clients.",0,[],0,[]
96,13724,alptis assurances, 2, 44, 5, --, 5, 1,http://www.alptis.org,Lyon,Entre 201 et 500 employés, 1976, Inconnu, Inconnu, Entre 100 et 500 millions € (EUR) par an,,0,[],0,[]
97,13725,Plastic Omnium, 318, 458, 430, 36, 118, 10,http://www.plasticomnium.com,,Plus de 10 000 employés, 1946, Entreprise cotée en bourse (POM) , Fabrication d'équipement de transport, Entre 2 et 5 milliards € (EUR) par an,"Plastic Omnium est le leader mondial des systèmes de carrosserie intelligents, des systèmes d’énergie propre et des modules bloc-avant.INTELLIGENT EXTERIOR SYSTEMSIntervenant sur un marché de pièces d’aspect et de design, Plastic Omnium propose des solutions sur mesure et multi-matériaux à forte valeur ajoutée, conçues dans une logique croissante d’intégration de fonctions et de sécurité, pour alléger le véhicule et réduire les émissions de CO2CLEAN ENERGY SYSTEMSLes systèmes à carburant en plastique, présentant une parfaite combinaison de performances sécurité/coûts/poids, représentent par ailleurs une solution de choix pour accompagner le développement des véhicules hybrides. Plastic Omnium propose des solutions adaptées à tous types de motorisation.MODULES BLOC-AVANTLe module bloc avant est un ensemble complexe à l’avant du véhicule qui intègre la poutre d’absorption de choc, les systèmes d’éclairage, les radars et capteurs d’aide à la conduite, etc.",0,[],0,[]
98,13727,Mixt Composites Recyclables, 1, 2, --, --, --, --,http://www.m-c-r.com,Tournon-sur-Rhône,Inconnu, Inconnu, Inconnu, Inconnu, Ne sait pas / non applicable par an,,0,[],0,[]
99,13728,Astek, 228, 684, 291, 59, 52, --,http://www.groupeastek.com,Paris,De 1 001 à 5 000 employés, 1988, Entreprise non cotée en bourse, Services informatiques, Entre 100 et 500 millions € (EUR) par an,"Fondée en 1988, Astek est un groupe français qui est devenu un acteur majeur dans l'industrie des services. Avec ses 2 500 employés, Astek a un chiffre d'affaires de 185 millions d'euros. Le groupe de compétences techniques et opérationnelles est axée sur quatre grandes activités :- Conseil - systèmes d'information- scientifique et technique- gestion des installations situés le plus près possible de ses clients, le groupe est présent dans 9 pays et a plusieurs offshore centres de livraison.Fortement axé sur l'innovation technologique, Astek a gagné la confiance de ses clients en leur garantissant le succès à long terme d'intégration de leurs plans d'entreprise avec la technologie la plus récente.Fortement attachés à des valeurs communes, les hommes et les femmes qui travaillent pour Astek soutenir nos clients des stratégies de développement en leur fournissant des résultats soigneusement adaptés à leurs besoins.",0,[],0,[]
100,13729,Astek Group, 3, --, 13, 1, --, --,http://www.astekgroup.co.uk,"Altrincham, Angleterre (Royaume-Uni)",De 1 à 50 employés, Inconnu, Entreprise cotée en bourse (AKG) , Fabrication de produits de soins de santé, Entre 1 et 5 millions € (EUR) par an,,0,[],0,[]
101,13732,Keyrus Group, 407, 815, 455, 41, 125, 98,http://www.keyrus.com,Levallois-Perret,De 1 001 à 5 000 employés, 1996, Entreprise cotée en bourse (KEY.PA) , Services informatiques, Entre 100 et 500 millions € (EUR) par an,"Qui sommes-nous ? Une success story dans la Data et le Digital !Notre mission ?Des projets à forte valeur ajoutée pour accroître la performance et la compétitivité des entreprises, faciliter et accélérer leur transformation.Notre expertise depuis plus de 20 ans ?Le conseil et l'intégration de solutions innovantes autour de trois domaines :> Data IntelligenceBusiness Intelligence et Big Data & Analytics> Digital ExperienceConseil, Stratégie & Performance Digitales> Conseil en Management & TransformationPilotage de la Performance & Accompagnement des ProjetsNous sommes 3 200 talents à travers 18 pays et sur 4 continents.Notre ADN ?Innover et entreprendre.Plus d’informations sur : Keyrus.fr",0,[],8,"['Keyrus, incontournable du classement 2016 des meilleures ESN en conseil IT, Décideurs Magazine, 2016', 'Dans le cadre de son projet RAYS, présenté par Bachar Wehbi, Computer Science Manager, Keyrus a remporté le 2ème prix des Data Intelligence Awards 2016, Data Intelligence Awards 2016, 2016', 'Classement 2017 des ESN : Conseil IT et transformation digitale, Décideurs Magazine, 2017', 'Emerging Partner of the Year, Tableau, 2017', 'Alteryx Premier Partner, North America, Alteryx, 2017', 'SAP Hybris Awards, Le Groupe Keyrus a ete recompense par SAP avec un award special pour son innovation autour de la solution SAP Hybris, 2016', 'Keyrus a ete elu Partenaire de l’annee ""Rising Star"" aux Jedox Partner Awards !, Jedox Global Partner, 2016', 'Corporate Social Reponsibility Partner of the Year, Qlik, 2015']"
102,13733,Yongzhi Plastic Electronics (Shenzhen) Co., 2, --, --, --, --, --,http://www.everwin8.com,Hong Kong (Hong Kong),Entre 201 et 500 employés, 1993, Entreprise non cotée en bourse, Fabrication industrielle, Ne sait pas / non applicable par an,,0,[],0,[]
103,13734,Thales," 2,0k"," 8,0k"," 3,0k", 410, 731, 94,http://www.thalesgroup.com,Nanterre,Plus de 10 000 employés, 2000, Entreprise cotée en bourse (HO) , Aérospatiale et Défense, Entre 5 et 10 milliards € (EUR) par an,"Ceux qui font avancer le monde s’appuient sur ThalesDans un monde en constante mutation, à la fois imprévisible et riche d’opportunités, nous sommes aux côtés de ceux qui ont de grandes ambitions : rendre le monde meilleur et plus sûr.Riches de la diversité de leurs expertises, de leurs talents, de leurs cultures, nos équipes d’architectes conçoivent un éventail unique de solutions technologiques d’exception, qui rendent demain possible dès aujourd’hui.Du fond des océans aux profondeurs du cosmos ou du cyberespace, nous aidons nos clients à maîtriser des environnements toujours plus complexes pour prendre des décisions rapides, efficaces, à chaque moment décisif.Quel que soit l’enjeu.",2,"[{'name': 'Meilleurs Employeurs', 'year': '2020', 'position': '5'}, {'name': 'Meilleurs Employeurs', 'year': '2019', 'position': '8'}, {'name': 'Meilleurs Employeurs', 'year': '2018', 'position': '24'}, {'name': 'Meilleurs Employeurs', 'year': '2017', 'position': '16'}, {'name': 'Meilleurs Employeurs', 'year': '2016', 'position': '6'}, {'name': 'Le Top des PDG', 'year': '2018', 'position': '9'}, {'name': 'Le Top des PDG', 'year': '2017', 'position': '10'}]",1,"['Best Tech Workplace for Diversity, The Timmy Awards, 2018']"
104,13736,Thales-Raytheon Systems, 29, --, 41, 9, 5, --,http://www.thalesraytheon.com,"Fullerton, CA (États-Unis)",De 501 à 1 000 employés, 2001, Entreprise non cotée en bourse, Gestion des transports, Entre 100 et 500 millions € (EUR) par an,,0,[],0,[]
105,13737,L&T Thales Technology Services, 14, 258, 6, 1, 2, --,,Chennai (Inde),Plus de 10 000 employés, Inconnu, Entreprise non cotée en bourse, Inconnu, Ne sait pas / non applicable par an,,0,[],0,[]
106,13741,JEMS Group, 57, 56, 35, 3, 4, 5,http://www.jems-group.com,Neuilly,Entre 201 et 500 employés, 2002, Entreprise non cotée en bourse, Services informatiques, Entre 25 et 50 millions € (EUR) par an,,0,[],0,[]
107,13745,Capgemini, 20k, 22k, 24k," 5,3k"," 4,7k", 452,http://www.fr.capgemini.com,Paris,Plus de 10 000 employés, 1967, Entreprise cotée en bourse (CAP) , Solutions logicielles et réseau d'entreprise, Entre 1 et 2 milliards € (EUR) par an,"Pour Capgemini, ce sont les hommes et les femmes qui donnent toute sa valeur à la technologie. Résolument multiculturel, le Groupe compte 200 000 collaborateurs présents dans plus de 40 pays. Il a réalisé un chiffre d'affaires de 12,8 milliards d'euros en 2017.",0,[],32,"['Top 50 Employers for Women, The Times, 2013', 'India’s Ideal Employers, Universum, 2013', 'Leaders Quadrant for SAP Application Management Service Providers, Worldwide, Gartner Magic Quadrant, 2012', ""Top 25 - India's Best Companies to Work for, Business Today, 2015"", ""World's Most Ethical Companies, Ethisphere Institute, 2016"", 'World’s Most Ethical Companies, Ethisphere, 2019', 'Economic Dividends for Gender Equality Level 1 (US) and Level 2 (Canada), Economic Dividends for Gender Equality (EDGE), 2019', ""Canada’s Best Diversity Employers, Canada's Top 100 Employers Project – Mediacorp, 2019"", 'Capgemini is ranked as an Attractive Employer, Universum, 2019', 'Leader in Advanced Analytics BPS, NelsonHall NEAT Assessment, 2016, 2019', 'Best Places to Work for LGBT Equality, Human Rights Campaign Foundation, 2018', 'Leading Employer, Leading Employers, 2018', 'MINT Minded Company, MINT Minded Company, 2018', 'Above & Beyond Award, Diversity Best Practices, 2018', 'Top 25 Companies for Women Technologists by Anita Borg Institute in North America., ABI, 2017', 'CSR Jobs Award 2017 - Unsere Qualifizierung, CSR Jobs & Companies, 2017', 'North America Partner Excellence Award for Industry Services, SAP, 2016', '2016 SAP Pinnacle Award Finalist Quality Partner of the Year, SAP Pinnacle Awards, 2016', '2016 SAP Pinnacle Awards Finalist in Customers’ Choice – Sell, SAP Pinnacle Awards, 2016', ""2016 SAP Pinnacle Award Finalist in Customers' Choice - Build, SAP Pinnacle Awards, 2016"", '2016 SAP Pinnacle Award Winner in Customers’ Choice – Service Category, SAP Pinnacle Awards, 2016', 'SAP Greater China Partner Excellence Award 2016 for HCM Cloud Services, SAP, 2016', 'Top Employers Italia, Top Employers Institute, 2016', 'Top Employers Belgium, Top Employers Institute, 2016', 'Top Employers Poland, Top Employers Institute, 2016', 'Best Places to Work (UK), Glassdoor, 2016', 'Top Companies for Women Technologists, Anita Borg Institute, 2016', ""World's Most Ethical Companies, Ethisphere Institute, 2015"", ""World's Most Ethical Companies, Ethisphere Institute, 2014"", ""World's Most Ethical Companies, Ethisphere Institute, 2013"", '50 Best Large Workplaces in Europe, Great Place to Work Institute Europe, 2009', 'Top Entry Level Employers, CollegeGrad, 2009']"
108,13746,Capgemini Invent," 1,5k", 3," 1,7k", 498, 346, 49,http://www.capgemini.com/invent,Courbevoie,De 5 001 à 10 000 employés, 2009, Entreprise cotée en bourse, Conseils, Entre 500 millions et 1 milliard € (EUR) par an,"Marque de conseil en stratégie et transformation du Groupe Capgemini, Capgemini Consulting accompagne ses clients dans leurs projets de transformation en les aidant à concevoir et mettre en oeuvre des stratégies innovantes au service de leur croissance et de leur compétitivité. Cette entité globale propose aux entreprises de l’ensemble des secteurs économiques une approche nouvelle qui conjugue l’utilisation de méthodes novatrices, le recours à la technologie et l’expertise de son réseau mondial de plus de 3 600 consultants. Plus d’informations sur : http://www.fr.capgemini-consulting.com",0,[],3,"['Top 50 Employers for Women, The Times, 2013', 'The Times Top 50 Employers for Women, Opportunity Now, 2015', 'The Top Companies For Graduates To Work For, The Job Crowd, 2015']"
109,13753,Open, 232, 274, 217, 38, 115, 26,http://www.open.global,Levallois-Perret,De 1 001 à 5 000 employés, 1989, Entreprise cotée en bourse (OPN) , Services d'architecture et d'ingénierie, Entre 100 et 500 millions € (EUR) par an,"Avec 3 760 collaborateurs et un chiffre d’affaires de 324 M€ en 2018, Open, acteur majeur des services du numérique accompagne au quotidien les entreprises et les organisations dans leur transformation industrielle et digitale avec une offre de bout en bout, IT et digitale.Son objectif : Transformer les systèmes d’information de ses clients pour répondre à leurs nouveaux Business Model digitaux avec une garantie de stabilité, de contrôle et de coûts maîtrisés en répondant aux enjeux de mise sur le marché, d’agilité, de rapidité et d’expérimentations.Open inscrit sa démarche dans une logique d’avenir au travers de la mise en œuvre de ses valeurs d’entreprise : Pertinence, Audace, Ethique & Responsabilité, Passion et Engagement.Open intervient principalement en France et à l’international aux Pays Bas, Luxembourg et Roumanie.",0,[],0,[]
110,13755,Open Minds Open Hearts Day Care, 2, 4, --, --, --, --,http://www.openmindsopenheartsnola.com,"New Orleans, LA (États-Unis)",De 1 à 50 employés, Inconnu, Entreprise cotée en bourse, Inconnu, Ne sait pas / non applicable par an,,0,[],0,[]
111,13758,OpenText," 1,7k"," 1,0k"," 1,7k", 399, 557, 47,http://www.opentext.com,"Waterloo, ON (Canada)",Plus de 10 000 employés, 1992, Entreprise cotée en bourse (OTEX) , Solutions logicielles et réseau d'entreprise, Entre 2 et 5 milliards € (EUR) par an,"OpenText est le leader de la gestion des informations d'entreprise(EIM).Nos solutions EIM permettent aux entreprises de se développer plus rapidement, de diminuer ses coûts opérationnels, et de réduire les risques liés à la gouvernance et à la sécurité de ses informations en ouvrant de nouvelles perspectives commerciales, en évaluant les impacts et en accélérant les processus métier.",0,[],7,"['Ten Best Companies to Work For, Financial Post, 2013', ""Canada's Top 100 Employers, Mediacorp Canada, 2013"", 'Top Employers, Waterloo Area, 2016', 'Top Job, University of St. Gallen, 2015', 'Results-Oriented CEO of the year(Mark J. Barrenechea - CEO), CEO World Awards, 2015', ""Canada's Top 100 Employers, Mediacorp Canada, 2012"", '100 Fastest Growing Companies, Fortune, 2009']"
112,13760,Open Sourcing, 4, 478, 3, 2, --, --,http://www.opensourcing.fr,Paris,De 1 à 50 employés, 2008, Entreprise non cotée en bourse, Recrutement et sous-traitance, Moins d&#039;1 million € (EUR) par an,,0,[],0,[]
113,13761,Artefact, 78, 233, 77, 23, 23, 16,http://www.artefact.com,Paris,De 501 à 1 000 employés, Inconnu, Entreprise cotée en bourse, Conseils, Ne sait pas / non applicable,"Artefact est l’agence digitale élue agence innovante de l’année 2017. Incarnant aujourd’hui l'alliance parfaite entre marketeurs et ingénieurs, l’agence accompagne les plus grands annonceurs à inventer les expériences client de demain s'appuyant sur les nouvelles technologies.Artefact, fondée par trois anciens de l’Ecole Polytechnique : Vincent Luciani, Philippe Rolet et Guillaume de Roquemaurel, a connu un taux de croissance très soutenu depuis sa création en 2015 avec un triplement de son chiffre d’affaires en 2016.Artefact est l'une des plus grandes agences internationales indépendantes pilotée par des experts media et data.",0,[],0,[]
114,13762,Artefact Group, 22, 21, 33, 7, 6, 12,http://www.artefactgroup.com,"Seattle, WA (États-Unis)",De 51 à 200 employés, 2006, Entreprise non cotée en bourse, Conseils, Entre 10 et 25 millions € (EUR) par an,,0,[],4,"['100 Best Companies to Work For 2014, Seattle Business Magazine, 2014', 'Tech Impact Award, Seattle Business, 2015', '100 Best Companies to Work For, Seattle Business Magazine, 2016', 'Best of Show - Camera Concept, I.D. Magazine, 2011']"
115,13764,Artefacts Studio, 3, 3, 4, 1, --, --,http://www.artefacts-studio.fr,Villeurbanne,De 1 à 50 employés, 2003, Entreprise non cotée en bourse, Inconnu, Ne sait pas / non applicable par an,,0,[],0,[]
116,13767,Openfield Live, 3, --, 1, 1, 12, --,http://www.openfieldlive.com,Paris,De 1 à 50 employés, Inconnu, Cabinet / Société du secteur privé, Inconnu, Ne sait pas / non applicable par an,,0,[],0,[]
117,13769,Phaidon International, 244, 77, 178, 201, 29, 28,http://www.phaidoninternational.com,"Londres, Angleterre (Royaume-Uni)",De 501 à 1 000 employés, 2004, Entreprise non cotée en bourse, Recrutement et sous-traitance, Entre 100 et 500 millions € (EUR) par an,,0,[],25,"['Sunday Times Best Company to Work Top 100 (Small Business), The Sunday Times, 2014', 'Top 100 Small Company to Work For, Sunday Times Best Companies, 2015', 'Sunday Times Fast Track 200, The Sunday Times Fast Track League, 2019', 'Best Staffing Firms to Work For, Staffing Industry Analysts Awards, 2019', 'Best Companies to Work for in New York, Best Companies to Work for in New York, 2019', ""Dallas/Fort Worth's Best and Brightest Companies to Work For, The Best and Brightest Companies to Work For, 2019"", 'Best Staffing Firms to Work For, Staffing Industry Analysts, 2019', 'Best Companies to Work for in New York, Best Companies Group, 2019', 'Best Candidate Attraction through Social Media, The Global Recruiter Industry Awards UK 2019, 2019', 'Innovation of the Year, Recruitment International, 2018', 'National Best and Brightest Companies to Work For, The Best and Brightest Companies to Work For, 2018', 'Global Power 150 - Women in Recruitment (Clare Cooper), Staffing Industry Analysts’ Global Power 150, 2018', 'Best Permanent Roles Recruitment Agency, HR Vendors of the year awards, 2018', 'The Queens Award for Enterprise in International Trade, The Queens Award for Enterprise, 2017', 'Best Companies to Work for in New York, Best Companies Group, 2017', ""Chicago's 101 Best & Brightest Companies to Work For, Chicago's 101 Best & Brightest Companies to Work For, 2017"", 'The Best Company to Work For (more than 250 employees), REC IRP Awards, 2016', 'Banking Recruitment Company of the Year, Recruitment International Asia Awards, 2016', 'Best Procurement Service Provider, World Procurement Awards, 2016', 'Listed Best Small Company to Work For, Sunday Times Best Companies, 2016', '1000 Companies to Inspire Britain, London Stock Exchange 2016, 2016', 'A North America Best Staffing Firm to Work For, Staffing Industry Analysts, 2016', '4th Fastest Growing Company of the Year, Staffing Industry Analysts, 2016', 'A National Best & Brightest Company To Work For, National Best & Brightest, 2015', '3rd Fastest Growing Company of the Year, Staffing Industry Analysts, 2015']"
118,13770,D2SI, 3, 2, 3, 1, --, --,http://www.d2-si.fr,Paris,De 51 à 200 employés, 2006, Entreprise non cotée en bourse, Conseils, Entre 10 et 25 millions € (EUR) par an,,0,[],0,[]
119,13771,Adthink-Media, 8, 34, 7, 1, 3, --,http://www.adthink-media.com,Tassin,De 51 à 200 employés, 2001, Inconnu, Inconnu, Entre 1 et 5 millions € (EUR) par an,,0,[],0,[]
120,13772,SKF, 497, 79, 473, 73, 113, 17,http://www.skf.com,Gothenburg (Suède),Plus de 10 000 employés, 1907, Entreprise cotée en bourse (SKFRY) , Fabrication industrielle, Entre 5 et 10 milliards € (EUR) par an,,0,[],0,[]
121,13777,GFI, 28, 543, 31, 3, 3, --,http://www.gfi.su,Moscou (Russie),De 51 à 200 employés, Inconnu, Entreprise non cotée en bourse, Jeux vidéo, Ne sait pas / non applicable par an,,0,[],0,[]
122,13778,Gfi Informatique, 463," 2,3k", 567, 62, 181, 26,http://www.gfi.world,"Saint-Ouen, Île-de-France",Plus de 10 000 employés, 1995, Entreprise cotée en bourse, Services informatiques, Entre 1 et 2 milliards € (EUR) par an,"À propos de GfiLe Groupe Gfi, présent dans plus de 20 pays, est un leader incontournable des services informatiques à valeur ajoutée et des logiciels. Gfi occupe un positionnement stratégique différenciant entre les opérateurs de taille mondiale et les acteurs de niche. Avec son profil de multi-spécialiste, Gfi met au service de ses clients une combinaison unique de proximité, d’organisation sectorielle et de solutions de qualité industrielle. Le Groupe qui compte près de 19 500 collaborateurs a réalisé en 2018 un chiffre d’affaires de 1 395 M€.Pour plus d’informations : www.gfi.world",0,[],4,"[""Trophée d'or de la Direction du Recrutement(DRH spécialisés, mention spéciale : Armée de Terre), Victoires du Capital Humain, 2014"", 'OTaC Social Media Talent Interaction France(15), Potentialpark, 2015', '4ème place au classement Happy@Work 2019 des entreprises de + de 5000 salariés, Happy At Work, 2019', 'most attractive employers france 2019, Universum Global, 2019']"
123,13779,GFI Software, 57, 3, 38, 6, 18, 4,http://www.gfi.com,"Austin, TX (États-Unis)",De 51 à 200 employés, 1992, Entreprise non cotée en bourse, Matériel et logiciels informatiques, Ne sait pas / non applicable,,0,[],0,[]
124,13780,GFI Group, 86, 209, 141, 16, 16, --,http://www.gfigroup.com,"New York, NY (États-Unis)",De 1 001 à 5 000 employés, 1987, Entreprise cotée en bourse (GFIG) , Services de courtage, Entre 500 millions et 1 milliard € (EUR) par an,,0,[],0,[]
125,13783,ACCEO Solutions, 27, 42, 43, 3, 7, 10,http://www.acceo.com,"Montréal, QC (Canada)",De 501 à 1 000 employés, 1988, Entreprise non cotée en bourse, Solutions logicielles et réseau d'entreprise, Entre 100 et 500 millions € (EUR) par an,,0,[],0,[]
126,13787,GFI Group, 86, 209, 141, 16, 16, --,http://www.gfigroup.com,"New York, NY (États-Unis)",De 1 001 à 5 000 employés, 1987, Entreprise cotée en bourse (GFIG) , Services de courtage, Entre 500 millions et 1 milliard € (EUR) par an,,0,[],0,[]
127,13790,Gfi Informatique, 463," 2,3k", 567, 62, 181, 26,http://www.gfi.world,"Saint-Ouen, Île-de-France",Plus de 10 000 employés, 1995, Entreprise cotée en bourse, Services informatiques, Entre 1 et 2 milliards € (EUR) par an,"À propos de GfiLe Groupe Gfi, présent dans plus de 20 pays, est un leader incontournable des services informatiques à valeur ajoutée et des logiciels. Gfi occupe un positionnement stratégique différenciant entre les opérateurs de taille mondiale et les acteurs de niche. Avec son profil de multi-spécialiste, Gfi met au service de ses clients une combinaison unique de proximité, d’organisation sectorielle et de solutions de qualité industrielle. Le Groupe qui compte près de 19 500 collaborateurs a réalisé en 2018 un chiffre d’affaires de 1 395 M€.Pour plus d’informations : www.gfi.world",0,[],4,"[""Trophée d'or de la Direction du Recrutement(DRH spécialisés, mention spéciale : Armée de Terre), Victoires du Capital Humain, 2014"", 'OTaC Social Media Talent Interaction France(15), Potentialpark, 2015', '4ème place au classement Happy@Work 2019 des entreprises de + de 5000 salariés, Happy At Work, 2019', 'most attractive employers france 2019, Universum Global, 2019']"
128,13791,GFI, 28, 543, 31, 3, 3, --,http://www.gfi.su,Moscou (Russie),De 51 à 200 employés, Inconnu, Entreprise non cotée en bourse, Jeux vidéo, Ne sait pas / non applicable par an,,0,[],0,[]
129,13792,GFI Software, 57, 3, 38, 6, 18, 4,http://www.gfi.com,"Austin, TX (États-Unis)",De 51 à 200 employés, 1992, Entreprise non cotée en bourse, Matériel et logiciels informatiques, Ne sait pas / non applicable,,0,[],0,[]
130,13795,ACCEO Solutions, 27, 42, 43, 3, 7, 10,http://www.acceo.com,"Montréal, QC (Canada)",De 501 à 1 000 employés, 1988, Entreprise non cotée en bourse, Solutions logicielles et réseau d'entreprise, Entre 100 et 500 millions € (EUR) par an,,0,[],0,[]
131,13796,Accor," 1,3k"," 4,1k"," 1,6k", 141, 391, 33,http://www.group.accor.com,Paris,Plus de 10 000 employés, 1967, Entreprise cotée en bourse (ACCOR SA) ," Hôtels, motels et stations de tourisme", Entre 5 et 10 milliards € (EUR) par an,"AccorHotels is a world-leading travel & lifestyle group and digital innovator offering unique experiences in more than 4,200 hotels, resorts and residences, as well as in over 10,000 of the finest private homes around the globe. With its dual expertise as an investor and operator, AccorHotels operates in 95 countries. Its portfolio includes internationally renowned luxury brands, the mid-range boutique hotel brands and very popular budget brands. AccorHotels provides innovative services to travelers, throughout their entire journey, notably through the recent acquisition of John Paul, the leading concierge service worldwide.AccorHotels has a global team of more than 250,000 committed women and men investing all their energy into making “Feel Welcome” resonate as the finest hotel promise.AccorHotels plays an active role in the local communities where it operates and is actively involved in promoting sustainable development and solidarity.",1,"[{'name': 'Meilleurs Employeurs', 'year': '2018', 'position': '22'}]",8,"[""World's Best Multinational Workplaces, Great Places to Work Institute, 2013"", '25 Best Multinational Companies to Work For (in Latin America)(#6), Great Place to Work Institute, 2012', 'Best Companies to Work for in Latin America, Great Place to Work Institute, 2009', 'Best Companies to Work for in Mexico, Great Place to Work Institute, 2009', 'Best Companies to Work for Women in Mexico, Great Place to Work Institute, 2009', 'Global 100 Most Sustainable Corporations List, Corporate Knights, 2009', 'Best Companies to Work for in Latin America, Great Place to Work Institute, 2008', 'Global 100 Most Sustainable Corporations List, Corporate Knights, 2008']"
132,13800,ibis, 224, 27, 357, 35, 65, 4,http://www.ibis.com,Courcouronnes,Plus de 10 000 employés, Inconnu, Filiale ou unité d'exploitation," Hôtels, motels et stations de tourisme", Ne sait pas / non applicable,,0,[],0,[]
133,13801,La Redoute, 40, 53, 62, 7, 22, 1,http://www.laredoute.gr,Roubaix,De 1 001 à 5 000 employés, Inconnu, Entreprise non cotée en bourse, Autres magasins de détail, Entre 500 millions et 1 milliard € (EUR) par an,,0,[],0,[]
134,13802,LA REDOUTE, 1, --, 1, --, --, --,http://www.laredoute.com,Roubaix,Inconnu, Inconnu, Entreprise cotée en bourse, Inconnu, Ne sait pas / non applicable par an,,0,[],0,[]
135,13803,Veolia," 1,1k"," 4,1k"," 2,0k", 152, 366, 86,http://www.veolia.com,Paris,Plus de 10 000 employés, 1853, Entreprise cotée en bourse (VIE) , Services publics de distribution, Entre 2 et 5 milliards € (EUR) par an,"Présent sur les cinq continents avec plus de 187 000 salariés, Veolia conçoit et déploie des solutions pour la gestion de l’eau, la gestion des déchets, et la gestion énergétique, participant au développement durable et à la compétitivité de ses clients.Le Groupe accompagne ainsi les industriels, les villes et leurs habitants, dans l’usage optimisé des ressources, afin d’en augmenter l’efficacité économique, environnementale et sociale.Grâce à ces trois cœurs de métiers complémentaires et synergiques, Veolia contribue à développer l’accès aux ressources, préserver les ressources disponibles et les renouveler.",1,"[{'name': 'Le Top des PDG', 'year': '2019', 'position': '6'}]",8,"['The Decentralised Energy Awards - Industrial Awards Winner (combined heat and power), The ADE, 2018', 'Rushlight Resource Recycling Award, Rush Light Events, 2018', 'Social Mobility Employer Index - ranked #83 in top 100, Social Mobility Foundation, 2019', 'NDA Export Award, Oxford Technologies, 2018', 'Institute of Water Strictly Innovation Award, https://www.instituteofwater.org.uk/scottish-area-innovation-award/, 2017', 'BITC Responsible Business Award reaccreditation, BITC, 2017', 'Horticulture Week - Custodian Award Best Parks Partnership Award, HortWeek.com, 2017', 'National Recycling Awards - Private-Public Sector Partnership Award, nra.mrw.co.uk, 2017']"
136,13805,OTV, 15, 21, 14, 2, 2, 1,http://www.otv.fr,"Saint-Maurice, Alsace",Plus de 10 000 employés, 1980, Filiale ou unité d'exploitation, Services publics de distribution, Entre 100 et 500 millions € (EUR) par an,"Filiale de Veolia Environnement, OTV conçoit, réalise et met en route des installations destinées à produire de l'eau potable, traiter les eaux usées et pluviales ainsi que les boues récupérées après traitement.Expert en Ingénierie du traitement de l'eau, OTV s'attache depuis 80 ans à être un partenaire de confiance de nombreuses collectivités publiques et d'industriels. Dans le cadre d'une mission de management de projet, l'entreprise conçoit et réalise, pour leur compte, des ouvrages de traitements d'eau sur mesure et des usines clés en mains.Dans une volonté permanente d'amélioration de la qualité, OTV développe de nouveaux procédés en symbiose avec les différents acteurs du groupe Veolia Environnement.Sa qualité d'expert lui permet d'offrir à tous ses clients des filières éprouvées, économiquement viables, avec un souci permanent de développement durable.Parce que l'eau est un bien commun et précieux, OTV est un acteur incontournable de l'environnement.",0,[],0,[]
137,13806,Veolia Water Tech, 8, --, 12, --, 18, --,http://veoliawatertech.com,,Inconnu, Inconnu, Entreprise non cotée en bourse, Inconnu, Ne sait pas / non applicable par an,,0,[],0,[]
138,13807,Groupe NICOLLIN - Groupe VEOLIA, 1, --, 1, --, --, --,http://www.groupenicollin.com,Saint-Fons,Inconnu, Inconnu, Inconnu, Inconnu, Ne sait pas / non applicable par an,,0,[],0,[]
139,13809,Transdev, 399," 1,8k", 406, 58, 124, 18,http://www.transdevna.com,"Lombard, IL (États-Unis)",Plus de 10 000 employés, 2011, Entreprise non cotée en bourse, Gestion des transports, Ne sait pas / non applicable,"Qu'elle soit obligée ou choisie, l'utilisation de plusieurs moyens de transport pour un même déplacement est une réalité pour la plupart des voyageurs. Chacun veut passer facilement d'un mode à l'autre, sans perdre de temps aux correspondances ni avoir à multiplier les titres de transport.De leur côté, les autorités organisatrices font de l'intermodalité un critère clé des cahiers des charges : la bonne articulation des réseaux et systèmes de mobilité conditionne à la fois la rationalisation de l'offre de transport et la satisfaction de ses clients.Pour accompagner ses passagers de porte à porte, nous avons été l'un des premiers à développer les maillons manquants de la chaîne de mobilités - tels que la voiture électrique partagée ou le vélo.",0,[],0,[]
